# Fréquentation réelle des lignes, pour caler le moteur (scripts/modele/moteur.py).
# voyages_jour : fréquentation d'un jour de semaine ; une valeur annuelle est divisée par 265, comme pour le calage lyonnais d'origine.
# retenue : 1 si la ligne sert au calage, 0 sinon (la remarque dit pourquoi).
# bus : pour les bus, « site propre » (busway, Mettis, BHNS) ou « ligne forte » (Linéo, Chronostar, Lianes, Chronobus, sans site propre continu).
ville,ligne,mode,voyages_jour,valeur,unite,annee,source,retenue,remarque,bus
lyon,A,metro,271274,71887723,voyages par an,2023,https://fr.wikipedia.org/wiki/Métro_de_Lyon (d'après Sytral Mobilités),1,,
lyon,B,metro,173176,45891593,voyages par an,2023,https://fr.wikipedia.org/wiki/Métro_de_Lyon (d'après Sytral Mobilités),1,,
lyon,C,metro,33877,8977455,voyages par an,2023,https://fr.wikipedia.org/wiki/Métro_de_Lyon (d'après Sytral Mobilités),0,métro à crémaillère ; métro à crémaillère sur la colline de la Croix-Rousse,
lyon,D,metro,307384,81456822,voyages par an,2023,https://fr.wikipedia.org/wiki/Métro_de_Lyon (d'après Sytral Mobilités),1,,
lyon,T1,tram,103889,27530537,voyages par an,2023,https://fr.wikipedia.org/wiki/Tramway_de_Lyon,1,,
lyon,T2,tram,98339,26059951,voyages par an,2023,https://fr.wikipedia.org/wiki/Tramway_de_Lyon,1,,
lyon,T3,tram,52191,13830739,voyages par an,2023,https://fr.wikipedia.org/wiki/Tramway_de_Lyon,1,,
lyon,T4,tram,107913,28597063,voyages par an,2023,https://fr.wikipedia.org/wiki/Tramway_de_Lyon,1,,
lyon,T5,tram,8538,2262587,voyages par an,2023,https://fr.wikipedia.org/wiki/Tramway_de_Lyon,1,,
lyon,T6,tram,29141,7722483,voyages par an,2023,https://fr.wikipedia.org/wiki/Tramway_de_Lyon,0,la carte montre le prolongement nord ouvert après 2023,
lyon,T7,tram,2831,750155,voyages par an,2023,https://fr.wikipedia.org/wiki/Tramway_de_Lyon,0,navette de desserte du stade,
lyon,Rhônexpress,tram,5208,1380000,voyages par an,2023,https://fr.wikipedia.org/wiki/Tramway_de_Lyon,0,liaison aéroport à tarif spécial,
toulouse,A,metro,228302,60500000,validations par an,2024,https://tisseo-collectivites.fr/sites/default/files/media/downloads/chiffres-cles_2024_web_interactif_pages_2.pdf (p. 43),1,,
toulouse,B,metro,218113,57800000,validations par an,2024,https://tisseo-collectivites.fr/sites/default/files/media/downloads/chiffres-cles_2024_web_interactif_pages_2.pdf (p. 44),1,,
toulouse,T1,tram,48679,12900000,validations par an,2024,https://tisseo-collectivites.fr/sites/default/files/media/downloads/chiffres-cles_2024_web_interactif_pages_2.pdf (p. 45),1,,
toulouse,téléo,cable,5811,1540000,validations par an,2024,https://tisseo-collectivites.fr/sites/default/files/media/downloads/chiffres-cles_2024_web_interactif_pages_2.pdf (p. 46),0,téléphérique : voyageurs venus des équipements desservis,
paris,1,metro,636755,168740000,entrants par an,2025,"https://omnil.cdn.prismic.io/omnil/ajFb3Y1P9HI4Uk5i_TCC_trafic_annuel_2025.xlsx (Omnil, trafic annuel 2025)",1,entrants sans les correspondances entre lignes de métro,
paris,2,metro,348151,92260000,entrants par an,2025,"https://omnil.cdn.prismic.io/omnil/ajFb3Y1P9HI4Uk5i_TCC_trafic_annuel_2025.xlsx (Omnil, trafic annuel 2025)",1,entrants sans les correspondances entre lignes de métro,
paris,3,metro,303472,80420000,entrants par an,2025,"https://omnil.cdn.prismic.io/omnil/ajFb3Y1P9HI4Uk5i_TCC_trafic_annuel_2025.xlsx (Omnil, trafic annuel 2025)",1,entrants sans les correspondances entre lignes de métro,
paris,3bis,metro,5358,1420000,entrants par an,2025,"https://omnil.cdn.prismic.io/omnil/ajFb3Y1P9HI4Uk5i_TCC_trafic_annuel_2025.xlsx (Omnil, trafic annuel 2025)",0,entrants sans les correspondances entre lignes de métro ; navette de quatre stations,
paris,4,metro,631925,167460000,entrants par an,2025,"https://omnil.cdn.prismic.io/omnil/ajFb3Y1P9HI4Uk5i_TCC_trafic_annuel_2025.xlsx (Omnil, trafic annuel 2025)",1,entrants sans les correspondances entre lignes de métro,
paris,5,metro,397094,105230000,entrants par an,2025,"https://omnil.cdn.prismic.io/omnil/ajFb3Y1P9HI4Uk5i_TCC_trafic_annuel_2025.xlsx (Omnil, trafic annuel 2025)",1,entrants sans les correspondances entre lignes de métro,
paris,6,metro,379170,100480000,entrants par an,2025,"https://omnil.cdn.prismic.io/omnil/ajFb3Y1P9HI4Uk5i_TCC_trafic_annuel_2025.xlsx (Omnil, trafic annuel 2025)",1,entrants sans les correspondances entre lignes de métro,
paris,7,metro,448830,118940000,entrants par an,2025,"https://omnil.cdn.prismic.io/omnil/ajFb3Y1P9HI4Uk5i_TCC_trafic_annuel_2025.xlsx (Omnil, trafic annuel 2025)",1,entrants sans les correspondances entre lignes de métro,
paris,7bis,metro,12792,3390000,entrants par an,2025,"https://omnil.cdn.prismic.io/omnil/ajFb3Y1P9HI4Uk5i_TCC_trafic_annuel_2025.xlsx (Omnil, trafic annuel 2025)",0,entrants sans les correspondances entre lignes de métro ; navette de huit stations,
paris,8,metro,398264,105540000,entrants par an,2025,"https://omnil.cdn.prismic.io/omnil/ajFb3Y1P9HI4Uk5i_TCC_trafic_annuel_2025.xlsx (Omnil, trafic annuel 2025)",1,entrants sans les correspondances entre lignes de métro,
paris,9,metro,485925,128770000,entrants par an,2025,"https://omnil.cdn.prismic.io/omnil/ajFb3Y1P9HI4Uk5i_TCC_trafic_annuel_2025.xlsx (Omnil, trafic annuel 2025)",1,entrants sans les correspondances entre lignes de métro,
paris,10,metro,165019,43730000,entrants par an,2025,"https://omnil.cdn.prismic.io/omnil/ajFb3Y1P9HI4Uk5i_TCC_trafic_annuel_2025.xlsx (Omnil, trafic annuel 2025)",1,entrants sans les correspondances entre lignes de métro,
paris,11,metro,197623,52370000,entrants par an,2025,"https://omnil.cdn.prismic.io/omnil/ajFb3Y1P9HI4Uk5i_TCC_trafic_annuel_2025.xlsx (Omnil, trafic annuel 2025)",1,entrants sans les correspondances entre lignes de métro,
paris,12,metro,317132,84040000,entrants par an,2025,"https://omnil.cdn.prismic.io/omnil/ajFb3Y1P9HI4Uk5i_TCC_trafic_annuel_2025.xlsx (Omnil, trafic annuel 2025)",1,entrants sans les correspondances entre lignes de métro,
paris,13,metro,443887,117630000,entrants par an,2025,"https://omnil.cdn.prismic.io/omnil/ajFb3Y1P9HI4Uk5i_TCC_trafic_annuel_2025.xlsx (Omnil, trafic annuel 2025)",1,entrants sans les correspondances entre lignes de métro,
paris,14,metro,574377,152210000,entrants par an,2025,"https://omnil.cdn.prismic.io/omnil/ajFb3Y1P9HI4Uk5i_TCC_trafic_annuel_2025.xlsx (Omnil, trafic annuel 2025)",1,entrants sans les correspondances entre lignes de métro,
paris,T1,tram,177396,47010000,voyages par an,2024,"https://omnil.cdn.prismic.io/omnil/ajFb3Y1P9HI4Uk5i_TCC_trafic_annuel_2025.xlsx (Omnil, trafic annuel 2025)",1,année 2024 : la ligne est coupée à l'ouest de Saint-Denis depuis mai 2025,
paris,T2,tram,242226,64190000,voyages par an,2025,"https://omnil.cdn.prismic.io/omnil/ajFb3Y1P9HI4Uk5i_TCC_trafic_annuel_2025.xlsx (Omnil, trafic annuel 2025)",1,,
paris,T3a,tram,250189,66300000,voyages par an,2025,"https://omnil.cdn.prismic.io/omnil/ajFb3Y1P9HI4Uk5i_TCC_trafic_annuel_2025.xlsx (Omnil, trafic annuel 2025)",1,,
paris,T3b,tram,305434,80940000,voyages par an,2025,"https://omnil.cdn.prismic.io/omnil/ajFb3Y1P9HI4Uk5i_TCC_trafic_annuel_2025.xlsx (Omnil, trafic annuel 2025)",1,,
paris,T4,tram,73962,19600000,voyages par an,2025,"https://omnil.cdn.prismic.io/omnil/ajFb3Y1P9HI4Uk5i_TCC_trafic_annuel_2025.xlsx (Omnil, trafic annuel 2025)",1,,
paris,T5,tram,78151,20710000,voyages par an,2025,"https://omnil.cdn.prismic.io/omnil/ajFb3Y1P9HI4Uk5i_TCC_trafic_annuel_2025.xlsx (Omnil, trafic annuel 2025)",1,,
paris,T6,tram,80943,21450000,voyages par an,2025,"https://omnil.cdn.prismic.io/omnil/ajFb3Y1P9HI4Uk5i_TCC_trafic_annuel_2025.xlsx (Omnil, trafic annuel 2025)",1,,
paris,T7,tram,37774,10010000,voyages par an,2025,"https://omnil.cdn.prismic.io/omnil/ajFb3Y1P9HI4Uk5i_TCC_trafic_annuel_2025.xlsx (Omnil, trafic annuel 2025)",1,,
paris,T8,tram,60981,16160000,voyages par an,2025,"https://omnil.cdn.prismic.io/omnil/ajFb3Y1P9HI4Uk5i_TCC_trafic_annuel_2025.xlsx (Omnil, trafic annuel 2025)",1,,
paris,T9,tram,82038,21740000,voyages par an,2025,"https://omnil.cdn.prismic.io/omnil/ajFb3Y1P9HI4Uk5i_TCC_trafic_annuel_2025.xlsx (Omnil, trafic annuel 2025)",1,,
paris,T10,tram,29962,7940000,voyages par an,2025,"https://omnil.cdn.prismic.io/omnil/ajFb3Y1P9HI4Uk5i_TCC_trafic_annuel_2025.xlsx (Omnil, trafic annuel 2025)",1,,
paris,T11,tram,43434,11510000,voyages par an,2025,"https://omnil.cdn.prismic.io/omnil/ajFb3Y1P9HI4Uk5i_TCC_trafic_annuel_2025.xlsx (Omnil, trafic annuel 2025)",1,,
nice,L1,tram,120000,120000,validations par jour,2025,https://www.nicecotedazur.org/projets/rallongement-des-rames-de-la-ligne-1-du-tramway/,1,,
nice,L2,tram,105000,105000,voyageurs par jour,2024,https://www.nicecotedazur.org/services/transports-et-mobilites/transports-publics/les-lignes-de-tramway/,0,"configuration d'avant 2025 (avec la branche du CADAM) ; chiffre de la configuration d'avant 2025, avant que la ligne 3 partage son tronc",
nice,L3,tram,6000,6000,voyageurs par jour,2024,https://www.nicecotedazur.org/services/transports-et-mobilites/transports-publics/les-lignes-de-tramway/,0,tracé changé en janvier 2025 (prolongée jusqu'au port),
marseille,M1,metro,162600,162600,voyages par jour de semaine d'hiver,2024,"https://www.rtm.fr/sites/default/files/docs/013bis%20RTM%20en%20chiffres_2024%201.pdf (RTM, chiffres clés 2024, p. 12-13)",1,enquête origine-destination,
marseille,M2,metro,170500,170500,voyages par jour de semaine d'hiver,2024,"https://www.rtm.fr/sites/default/files/docs/013bis%20RTM%20en%20chiffres_2024%201.pdf (RTM, chiffres clés 2024, p. 12-13)",1,enquête origine-destination,
marseille,T1,tram,32200,32200,voyages par jour de semaine d'hiver,2024,"https://www.rtm.fr/sites/default/files/docs/013bis%20RTM%20en%20chiffres_2024%201.pdf (RTM, chiffres clés 2024, p. 12-13)",1,enquête origine-destination,
marseille,T2,tram,67000,67000,voyages par jour de semaine d'hiver,2024,"https://www.rtm.fr/sites/default/files/docs/013bis%20RTM%20en%20chiffres_2024%201.pdf (RTM, chiffres clés 2024, p. 12-13)",1,enquête origine-destination,
marseille,T3,tram,39700,39700,voyages par jour de semaine d'hiver,2024,"https://www.rtm.fr/sites/default/files/docs/013bis%20RTM%20en%20chiffres_2024%201.pdf (RTM, chiffres clés 2024, p. 12-13)",0,prolongée au nord et au sud en janvier 2026,
marseille,B1,bhns,22700,22700,voyages par jour de semaine d'hiver,2024,"https://www.rtm.fr/sites/default/files/docs/013bis%20RTM%20en%20chiffres_2024%201.pdf (RTM, chiffres clés 2024, p. 12-13)",1,enquête bus 2019 à 2024,site propre
marseille,B2,bhns,17900,17900,voyages par jour de semaine d'hiver,2024,"https://www.rtm.fr/sites/default/files/docs/013bis%20RTM%20en%20chiffres_2024%201.pdf (RTM, chiffres clés 2024, p. 12-13)",1,enquête bus 2019 à 2024,site propre
marseille,B3,bhns,14000,14000,voyages par jour de semaine d'hiver,2024,"https://www.rtm.fr/sites/default/files/docs/013bis%20RTM%20en%20chiffres_2024%201.pdf (RTM, chiffres clés 2024, p. 12-13)",1,somme des branches B3A (9 900) et B3B (4 100),site propre
bordeaux,B,tram,134884,35744210,voyages comptables par an,2022,https://www.bordeaux-metropole.fr/sites/MET-BXMETRO-DRUPAL/files/2024-11/RAD%20Transports%202022%20v%20Cada%20Web.pdf (p. 446),1,titres vendus multipliés par un coefficient de mobilité,
bordeaux,D,tram,47597,12613205,voyages comptables par an,2022,https://www.bordeaux-metropole.fr/sites/MET-BXMETRO-DRUPAL/files/2024-11/RAD%20Transports%202022%20v%20Cada%20Web.pdf (p. 446),1,titres vendus multipliés par un coefficient de mobilité,
bordeaux,A,tram,134653,35683048,voyages comptables par an,2022,https://www.bordeaux-metropole.fr/sites/MET-BXMETRO-DRUPAL/files/2024-11/RAD%20Transports%202022%20v%20Cada%20Web.pdf (p. 446),0,tracé redécoupé en décembre 2025 (lignes E et F),
bordeaux,C,tram,91023,24121221,voyages comptables par an,2022,https://www.bordeaux-metropole.fr/sites/MET-BXMETRO-DRUPAL/files/2024-11/RAD%20Transports%202022%20v%20Cada%20Web.pdf (p. 446),0,tracé redécoupé en décembre 2025 (ligne E),
bordeaux,G,bhns,30000,30000,voyages par jour ouvré,2024,https://www.bordeaux-metropole.fr/sites/MET-BXMETRO-DRUPAL/files/2025-01/Barom%C3%A8tre_mobilit%C3%A9s_2024.pdf (p. 5),1,"« de l'ordre de », fraude et non-validation comprises",site propre
rennes,a,metro,147236,39017635,voyages par an,2025,https://www.datocms-assets.com/97186/1787821511-keolis_rapport-activite_2025_vf_bd.pdf (p. 8),1,,
rennes,b,metro,95704,25361645,voyages par an,2025,https://www.datocms-assets.com/97186/1787821511-keolis_rapport-activite_2025_vf_bd.pdf (p. 8),1,,
rennes,C1,bhns,16959,4494254,voyages par an,2025,https://data.explore.star.fr/explore/dataset/tco-billettique-star-frequentation-agregee-td/,1,Chronostar,ligne forte
rennes,C2,bhns,10977,2908914,voyages par an,2025,https://data.explore.star.fr/explore/dataset/tco-billettique-star-frequentation-agregee-td/,1,Chronostar,ligne forte
rennes,C3,bhns,10991,2912562,voyages par an,2025,https://data.explore.star.fr/explore/dataset/tco-billettique-star-frequentation-agregee-td/,1,Chronostar,ligne forte
rennes,C4,bhns,20017,5304382,voyages par an,2025,https://data.explore.star.fr/explore/dataset/tco-billettique-star-frequentation-agregee-td/,1,Chronostar,ligne forte
rennes,C5,bhns,12943,3429898,voyages par an,2025,https://data.explore.star.fr/explore/dataset/tco-billettique-star-frequentation-agregee-td/,1,Chronostar,ligne forte
rennes,C6,bhns,12824,3398296,voyages par an,2025,https://data.explore.star.fr/explore/dataset/tco-billettique-star-frequentation-agregee-td/,1,Chronostar,ligne forte
rennes,C7,bhns,4083,1082080,voyages par an,2025,https://data.explore.star.fr/explore/dataset/tco-billettique-star-frequentation-agregee-td/,1,Chronostar,ligne forte
lille,1,metro,148459,148459,validations par jour ouvré,2026,https://data.lillemetropole.fr/geoserver/ogc/features/v1/collections/dsp_ilevia:validation_titre/items,1,"moyenne de septembre 2025 à mars 2026, Lille Flandres répartie selon la clé de la MEL",
lille,2,metro,186195,186195,validations par jour ouvré,2026,https://data.lillemetropole.fr/geoserver/ogc/features/v1/collections/dsp_ilevia:validation_titre/items,1,"moyenne de septembre 2025 à mars 2026, Lille Flandres répartie selon la clé de la MEL",
lille,R+T,tram,26325,26325,validations par jour ouvré,2026,https://data.lillemetropole.fr/geoserver/ogc/features/v1/collections/dsp_ilevia:validation_titre/items,1,les deux branches du tram réunies,
lille,L1,bhns,9108,9108,validations par jour ouvré,2026,https://data.lillemetropole.fr/geoserver/ogc/features/v1/collections/dsp_ilevia:validation_titre/items,1,"Liane, moyenne de septembre 2025 à mars 2026",ligne forte
lille,L2,bhns,4037,4037,validations par jour ouvré,2026,https://data.lillemetropole.fr/geoserver/ogc/features/v1/collections/dsp_ilevia:validation_titre/items,1,"Liane, moyenne de septembre 2025 à mars 2026",ligne forte
lille,L3,bhns,5723,5723,validations par jour ouvré,2026,https://data.lillemetropole.fr/geoserver/ogc/features/v1/collections/dsp_ilevia:validation_titre/items,1,"Liane, moyenne de septembre 2025 à mars 2026",ligne forte
lille,L4,bhns,8340,8340,validations par jour ouvré,2026,https://data.lillemetropole.fr/geoserver/ogc/features/v1/collections/dsp_ilevia:validation_titre/items,1,"Liane, moyenne de septembre 2025 à mars 2026",ligne forte
lille,L5,bhns,17156,17156,validations par jour ouvré,2026,https://data.lillemetropole.fr/geoserver/ogc/features/v1/collections/dsp_ilevia:validation_titre/items,1,"Liane, moyenne de septembre 2025 à mars 2026",ligne forte
lille,L6,bhns,4211,4211,validations par jour ouvré,2026,https://data.lillemetropole.fr/geoserver/ogc/features/v1/collections/dsp_ilevia:validation_titre/items,1,"Liane, moyenne de septembre 2025 à mars 2026",ligne forte
lille,L7,bhns,3312,3312,validations par jour ouvré,2026,https://data.lillemetropole.fr/geoserver/ogc/features/v1/collections/dsp_ilevia:validation_titre/items,1,"Liane, moyenne de septembre 2025 à mars 2026",ligne forte
lille,L8,bhns,6211,6211,validations par jour ouvré,2026,https://data.lillemetropole.fr/geoserver/ogc/features/v1/collections/dsp_ilevia:validation_titre/items,1,"Liane, moyenne de septembre 2025 à mars 2026",ligne forte
lille,L90,bhns,1596,1596,validations par jour ouvré,2026,https://data.lillemetropole.fr/geoserver/ogc/features/v1/collections/dsp_ilevia:validation_titre/items,0,Liane interurbaine,ligne forte
lille,L91,bhns,2300,2300,validations par jour ouvré,2026,https://data.lillemetropole.fr/geoserver/ogc/features/v1/collections/dsp_ilevia:validation_titre/items,0,Liane interurbaine,ligne forte
lille,L92,bhns,2426,2426,validations par jour ouvré,2026,https://data.lillemetropole.fr/geoserver/ogc/features/v1/collections/dsp_ilevia:validation_titre/items,0,Liane interurbaine,ligne forte
lille,L99,bhns,2269,2269,validations par jour ouvré,2026,https://data.lillemetropole.fr/geoserver/ogc/features/v1/collections/dsp_ilevia:validation_titre/items,0,Liane interurbaine,ligne forte
nantes,1,tram,130000,130000,voyageurs par jour,2025,https://www.semitan.fr/fr/actualites/transport-et-vous/le-tramway-nantais-fete-ses-40-ans,1,« près de »,
nantes,4,bhns,35094,9300000,voyages par an,2019,https://web.archive.org/web/20210317103549/https://semitan.tan.fr/les-chiffres-cles,1,busway,site propre
nantes,C1,bhns,22537,22537,voyages par jour de semaine hors vacances,2020,https://web.archive.org/web/20201021131730/https://semitan.tan.fr/medias/fichier/dp-rentree-2020-2021_1602764580119-pdf?INLINE=FALSE (p. 3),1,Chronobus,ligne forte
nantes,C3,bhns,20660,20660,voyages par jour de semaine hors vacances,2019,https://web.archive.org/web/20210416050319/https://semitan.tan.fr/medias/fichier/dp-rentree-2019-2020_1562244310511-pdf?INLINE=FALSE (p. 6),1,Chronobus,ligne forte
nantes,C6,bhns,23116,23116,voyages par jour de semaine hors vacances,2020,https://web.archive.org/web/20201021131730/https://semitan.tan.fr/medias/fichier/dp-rentree-2020-2021_1602764580119-pdf?INLINE=FALSE (p. 3),1,Chronobus,ligne forte
nantes,C20,bhns,15047,15047,voyages par jour de semaine hors vacances,2020,https://web.archive.org/web/20201021131730/https://semitan.tan.fr/medias/fichier/dp-rentree-2020-2021_1602764580119-pdf?INLINE=FALSE (p. 3),0,tracé changé depuis 2020,ligne forte
strasbourg,G,bhns,20000,20000,voyages par jour,2023,https://www.cts-strasbourg.eu/export/sites/default/.galleries/Documents/Rapport-dactivite-et-de-responsabilite-sociale-et-environnementale-de-la-CTS-2023.pdf (p. 9),1,premier mois après le prolongement de novembre 2023,site propre
brest,A,tram,44075,11680000,voyages par an,2023,"https://www.strmtg.developpement-durable.gouv.fr/IMG/pdf/rapport_annuel_tw_2023-2.pdf (tableau 2.1, p. 8)",1,2024 écarté : ligne coupée l'été pour les travaux du tram B,
brest,C,cable,1500,1500,voyages par jour de semaine,2017,https://fr.wikipedia.org/wiki/T%C3%A9l%C3%A9ph%C3%A9rique_de_Brest (cite Le Télégramme),0,"chiffre ancien, téléphérique hors calage",
clermont-ferrand,A,tram,66642,17660000,voyages par an,2024,"https://www.strmtg.developpement-durable.gouv.fr/IMG/pdf/rapport_annuel_tw_2024.pdf (tableau 2.1, p. 8)",1,tram sur pneus ; réseau gratuit le week-end,
caen,T1,tram,26139,26139,montées par jour ouvrable de base,2022,https://data.twisto.fr/api/explore/v2.1/catalog/datasets/matrice-origine-destination-des-lignes-du-reseau-twisto/files/52986189b74d644ad93a94eb8f856ac9,1,enquête origine-destination redressée,
caen,T2,tram,15243,15243,montées par jour ouvrable de base,2022,https://data.twisto.fr/api/explore/v2.1/catalog/datasets/matrice-origine-destination-des-lignes-du-reseau-twisto/files/52986189b74d644ad93a94eb8f856ac9,1,enquête origine-destination redressée,
caen,T3,tram,9111,9111,montées par jour ouvrable de base,2022,https://data.twisto.fr/api/explore/v2.1/catalog/datasets/matrice-origine-destination-des-lignes-du-reseau-twisto/files/52986189b74d644ad93a94eb8f856ac9,0,"ligne alors limitée à Collège Hawking, prolongée depuis",
orleans,A,tram,45353,12018604,voyages par an hors parcs relais,2023,https://tao-mobilites.fr/upload/mentions_legales/Rapport_annuels/RA-KEOLIS-2023-BD-OK.pdf (p. 54),1,validations redressées ; 2024 écarté (fréquence réduite),
orleans,B,tram,28939,7668765,voyages par an hors parcs relais,2023,https://tao-mobilites.fr/upload/mentions_legales/Rapport_annuels/RA-KEOLIS-2023-BD-OK.pdf (p. 54),1,validations redressées ; 2024 écarté (coupure en été),
besancon,T1,tram,20226,5360000,voyages comptés par an,2024,https://datasets.grandbesancon.fr/fichiers/delibs/grandBesancon/conseilCommunautaire/2025/20250925/0000BCFD.PDF (p. 9),1,"déduit des hausses publiées par ligne, recoupé avec le total du tram",
besancon,T2,tram,14453,3830000,voyages comptés par an,2024,https://datasets.grandbesancon.fr/fichiers/delibs/grandBesancon/conseilCommunautaire/2025/20250925/0000BCFD.PDF (p. 9),1,"déduit des hausses publiées par ligne, recoupé avec le total du tram",
mulhouse,1,tram,28963,28963,voyages par jour de semaine scolaire,2025,https://www.m2a.fr/wp-content/uploads/2026/02/2026_02_02_99_DE-2976C-1.pdf (p. 17),1,"cellules de comptage, février et mars",
mulhouse,2,tram,32293,32293,voyages par jour de semaine scolaire,2025,https://www.m2a.fr/wp-content/uploads/2026/02/2026_02_02_99_DE-2976C-1.pdf (p. 17),1,"cellules de comptage, février et mars",
mulhouse,3,tram,3572,3572,voyages par jour de semaine scolaire,2025,https://www.m2a.fr/wp-content/uploads/2026/02/2026_02_02_99_DE-2976C-1.pdf (p. 17),0,"cellules de comptage, février et mars ; ligne qui double les lignes 2 et le tram-train sur presque tout son parcours",
mulhouse,C4,bhns,3435,3435,voyages par jour de semaine scolaire,2025,https://www.m2a.fr/wp-content/uploads/2026/02/2026_02_02_99_DE-2976C-1.pdf (p. 17),1,,site propre
nancy,T1,bhns,33000,33000,validations par jour,2026,https://www.ici.fr/emissions/l-info-d-ici-ici-lorraine-meurthe-et-moselle-et-vosges/un-an-apres-sa-mise-en-service-le-trolleybus-est-entre-dans-le-paysage-de-la-metropole-du-grand-nancy-3842092,1,"trolleybus, « environ », chiffre cité par le maire",site propre
nancy,T2,bhns,13899,3474817,validations par an hors week-ends,2024,https://media.grandnancy.eu/permalink/v1/1/123043/document/RAD2024Sansparties1416172_compressed_postMarque.pdf (p. 150),1,week-ends gratuits : divisé par 250 jours de semaine,site propre
nancy,T3,bhns,8912,2227955,validations par an hors week-ends,2024,https://media.grandnancy.eu/permalink/v1/1/123043/document/RAD2024Sansparties1416172_compressed_postMarque.pdf (p. 150),1,week-ends gratuits : divisé par 250 jours de semaine,site propre
nancy,T4,bhns,8710,2177549,validations par an hors week-ends,2024,https://media.grandnancy.eu/permalink/v1/1/123043/document/RAD2024Sansparties1416172_compressed_postMarque.pdf (p. 150),1,week-ends gratuits : divisé par 250 jours de semaine,site propre
valenciennes,T1+T2,tram,18075,4790000,voyages par an,2024,"https://www.strmtg.developpement-durable.gouv.fr/IMG/pdf/rapport_annuel_tw_2024.pdf (tableau 2.1, p. 8)",0,les deux lignes réunies ; gratuit jusqu'à 25 ans ; gratuit jusqu'à 25 ans (77 % des voyages) : comptage incertain,
avignon,T1,tram,10868,2880000,voyageurs par an,2024,https://www.grandavignon.fr/fr/actualites/record-de-frequentation-des-transports-en-commun-du-grand-avignon-en-2024,1,une validation compte un voyageur,
avignon,C2,bhns,9434,2500000,voyageurs par an,2024,https://www.grandavignon.fr/fr/actualites/record-de-frequentation-des-transports-en-commun-du-grand-avignon-en-2024,1,Chron'hop,site propre
avignon,C3,bhns,5283,1400000,voyageurs par an,2024,https://www.grandavignon.fr/fr/actualites/record-de-frequentation-des-transports-en-commun-du-grand-avignon-en-2024,1,Chron'hop,site propre
le-havre,A+B,tram,41660,11040000,voyages par an,2024,"https://www.strmtg.developpement-durable.gouv.fr/IMG/pdf/rapport_annuel_tw_2024.pdf (tableau 2.1, p. 8)",1,les deux lignes réunies,
metz,A+B,bhns,45000,45000,voyages par jour,2025,https://lequotidien.lu/grande-region/transports-urbains-le-reseau-mettis-victime-de-son-succes-a-metz/,1,"Mettis, les deux lignes réunies, chiffre de presse",site propre
nimes,T1,bhns,6415,1700000,voyages par an,2023,https://www.pss-archi.eu/forum/viewtopic.php?pid=936187 (recopie La Gazette de Nîmes du 3 janvier 2025),1,chiffre de presse recopié sur un forum,site propre
nimes,T2,bhns,10189,2700000,voyages par an,2023,https://www.pss-archi.eu/forum/viewtopic.php?pid=936187 (recopie La Gazette de Nîmes du 3 janvier 2025),1,chiffre de presse recopié sur un forum,site propre
nimes,T4,bhns,3396,900000,voyages par an,2023,https://www.pss-archi.eu/forum/viewtopic.php?pid=936187 (recopie La Gazette de Nîmes du 3 janvier 2025),0,prolongée à Caissargues fin 2025,site propre
pau,F,bhns,7547,2000000,voyages par an,2024,https://fr.wikipedia.org/wiki/Bus_%C3%A0_haut_niveau_de_service_de_Pau (cite Sud Ouest du 9 janvier 2025),1,chiffre de presse,site propre
toulouse,L1,bhns,21538,5707700,validations par an,2025,https://tisseo-collectivites.fr/sites/default/files/media/downloads/TISSEO_Chiffres%20cles_2025_WEB.pdf (p. 58),1,Linéo,ligne forte
toulouse,L2,bhns,11455,3035519,validations par an,2025,https://tisseo-collectivites.fr/sites/default/files/media/downloads/TISSEO_Chiffres%20cles_2025_WEB.pdf (p. 58),1,Linéo,ligne forte
toulouse,L3,bhns,8823,2338039,validations par an,2025,https://tisseo-collectivites.fr/sites/default/files/media/downloads/TISSEO_Chiffres%20cles_2025_WEB.pdf (p. 58),1,Linéo,ligne forte
toulouse,L4,bhns,7269,1926179,validations par an,2025,https://tisseo-collectivites.fr/sites/default/files/media/downloads/TISSEO_Chiffres%20cles_2025_WEB.pdf (p. 58),1,Linéo,ligne forte
toulouse,L5,bhns,5990,1587294,validations par an,2025,https://tisseo-collectivites.fr/sites/default/files/media/downloads/TISSEO_Chiffres%20cles_2025_WEB.pdf (p. 58),1,Linéo,ligne forte
toulouse,L6,bhns,7137,1891384,validations par an,2025,https://tisseo-collectivites.fr/sites/default/files/media/downloads/TISSEO_Chiffres%20cles_2025_WEB.pdf (p. 58),1,Linéo,ligne forte
toulouse,L8,bhns,8894,2356925,validations par an,2025,https://tisseo-collectivites.fr/sites/default/files/media/downloads/TISSEO_Chiffres%20cles_2025_WEB.pdf (p. 58),1,Linéo,ligne forte
toulouse,L9,bhns,16834,4461129,validations par an,2025,https://tisseo-collectivites.fr/sites/default/files/media/downloads/TISSEO_Chiffres%20cles_2025_WEB.pdf (p. 58),1,Linéo,ligne forte
toulouse,L10,bhns,7268,1926045,validations par an,2025,https://tisseo-collectivites.fr/sites/default/files/media/downloads/TISSEO_Chiffres%20cles_2025_WEB.pdf (p. 58),1,Linéo,ligne forte
toulouse,L11,bhns,5335,1413887,validations par an,2025,https://tisseo-collectivites.fr/sites/default/files/media/downloads/TISSEO_Chiffres%20cles_2025_WEB.pdf (p. 58),1,Linéo,ligne forte
toulouse,L14,bhns,11679,3094862,validations par an,2025,https://tisseo-collectivites.fr/sites/default/files/media/downloads/TISSEO_Chiffres%20cles_2025_WEB.pdf (p. 58),1,Linéo,ligne forte
toulouse,L7,bhns,8371,8371,validations par jour type,2025,https://tisseo-collectivites.fr/sites/default/files/media/downloads/TISSEO_Chiffres%20cles_2025_WEB.pdf (p. 58),0,Linéo ouverte en septembre 2025,ligne forte
toulouse,L12,bhns,15422,15422,validations par jour type,2025,https://tisseo-collectivites.fr/sites/default/files/media/downloads/TISSEO_Chiffres%20cles_2025_WEB.pdf (p. 58),0,Linéo ouverte en septembre 2025,ligne forte
montpellier,1,tram,115165,30518722,voyages par an,2019,"https://www.ccomptes.fr/system/files/2023-02/OCR2023-06.pdf (p. 101, tableau 44)",1,validations redressées ; réseau d'avant la gratuité (2023) et la ligne 5 (2025),
montpellier,2,tram,45962,12179883,voyages par an,2019,"https://www.ccomptes.fr/system/files/2023-02/OCR2023-06.pdf (p. 101, tableau 44)",1,validations redressées ; réseau d'avant la gratuité (2023) et la ligne 5 (2025),
montpellier,3,tram,67547,17899893,voyages par an,2019,"https://www.ccomptes.fr/system/files/2023-02/OCR2023-06.pdf (p. 101, tableau 44)",1,validations redressées ; réseau d'avant la gratuité (2023) et la ligne 5 (2025),
montpellier,4,tram,25158,6666980,voyages par an,2019,"https://www.ccomptes.fr/system/files/2023-02/OCR2023-06.pdf (p. 101, tableau 44)",1,validations redressées ; réseau d'avant la gratuité (2023) et la ligne 5 (2025),
montpellier,5,tram,40000,40000,voyageurs par jour,2026,https://echo-des-tribunes.com/herault-tribune/articles/montpellier-bus-tramway-ligne-5-ce-qui-change-sur-le-reseau-tam-a-la-rentree,0,ouverte en décembre 2025,
grenoble,A,tram,58879,15603000,voyageurs par an,2022,https://www.pss-archi.eu/forum/viewtopic.php?pid=888302 (recopie actu.fr du 31 janvier 2023),1,chiffre de presse recopié sur un forum ; année encore marquée par le covid,
grenoble,B,tram,42528,11270000,voyageurs par an,2022,https://www.pss-archi.eu/forum/viewtopic.php?pid=888302 (recopie actu.fr du 31 janvier 2023),1,chiffre de presse recopié sur un forum ; année encore marquée par le covid,
grenoble,C,tram,30540,8093000,voyageurs par an,2022,https://www.pss-archi.eu/forum/viewtopic.php?pid=888302 (recopie actu.fr du 31 janvier 2023),1,chiffre de presse recopié sur un forum ; année encore marquée par le covid,
grenoble,E,tram,23136,6131000,voyageurs par an,2022,https://www.pss-archi.eu/forum/viewtopic.php?pid=888302 (recopie actu.fr du 31 janvier 2023),1,chiffre de presse recopié sur un forum ; année encore marquée par le covid,
grenoble,D,tram,2343,621000,voyageurs par an,2022,https://www.pss-archi.eu/forum/viewtopic.php?pid=888302 (recopie actu.fr du 31 janvier 2023),0,prolongée jusqu’aux gares en août 2024,
saint-etienne,T1,tram,51613,13677420,voyageurs par an,2022,https://fr.wikipedia.org/wiki/Tramway_de_Saint-%C3%89tienne (cite le rapport 2022 de Saint-Étienne Métropole),1,fraude estimée comprise ; lu sur Wikipédia,
saint-etienne,T2,tram,7812,2070209,voyageurs par an,2022,https://fr.wikipedia.org/wiki/Tramway_de_Saint-%C3%89tienne (cite le rapport 2022 de Saint-Étienne Métropole),1,fraude estimée comprise ; lu sur Wikipédia,
saint-etienne,T3,tram,19364,5131407,voyageurs par an,2022,https://fr.wikipedia.org/wiki/Tramway_de_Saint-%C3%89tienne (cite le rapport 2022 de Saint-Étienne Métropole),1,fraude estimée comprise ; lu sur Wikipédia,
dijon,T1,tram,42113,11159914,voyageurs par an,2024,"Dijon Métropole, rapport annuel du délégataire 2024, annexe III (conseil du 26 juin 2025, p. 51)",1,constatés à bord,
dijon,T2,tram,47772,12659535,voyageurs par an,2024,"Dijon Métropole, rapport annuel du délégataire 2024, annexe III (conseil du 26 juin 2025, p. 51)",1,constatés à bord,
dijon,L3,bhns,12240,3243594,voyageurs par an,2024,"Dijon Métropole, rapport annuel du délégataire 2024, annexe III (conseil du 26 juin 2025, p. 51)",1,"Liane, constatés à bord",ligne forte
dijon,L4,bhns,4168,1104546,voyageurs par an,2024,"Dijon Métropole, rapport annuel du délégataire 2024, annexe III (conseil du 26 juin 2025, p. 51)",1,"Liane, constatés à bord",ligne forte
dijon,L5,bhns,16599,4398627,voyageurs par an,2024,"Dijon Métropole, rapport annuel du délégataire 2024, annexe III (conseil du 26 juin 2025, p. 51)",1,"Liane, constatés à bord",ligne forte
dijon,L6,bhns,10334,2738591,voyageurs par an,2024,"Dijon Métropole, rapport annuel du délégataire 2024, annexe III (conseil du 26 juin 2025, p. 51)",1,"Liane, constatés à bord",ligne forte
dijon,L7,bhns,2963,785317,voyageurs par an,2024,"Dijon Métropole, rapport annuel du délégataire 2024, annexe III (conseil du 26 juin 2025, p. 51)",1,"Liane, constatés à bord",ligne forte
dijon,L8,bhns,4928,1306040,voyageurs par an,2024,"Dijon Métropole, rapport annuel du délégataire 2024, annexe III (conseil du 26 juin 2025, p. 51)",1,"Liane, constatés à bord",ligne forte
dijon,L9,bhns,2967,786371,voyageurs par an,2024,"Dijon Métropole, rapport annuel du délégataire 2024, annexe III (conseil du 26 juin 2025, p. 51)",1,"Liane, constatés à bord",ligne forte
tours,A,tram,73434,19460000,voyages par an,2025,https://www.tours.fr/actualites/une-nouvelle-annee-record-pour-le-reseau-fil-bleu/,1,,
tours,2,bhns,22642,6000000,voyages par an,2025,https://www.tours.fr/actualites/une-nouvelle-annee-record-pour-le-reseau-fil-bleu/,1,Tempo,site propre
angers,A,tram,31962,8470000,voyages par an,2022,"https://www.strmtg.developpement-durable.gouv.fr/IMG/pdf/rapport_annuel_tw_2022_v1.pdf (tableau 2.1, p. 8)",0,réseau redessiné en juillet 2023 avec les lignes B et C,
rouen,M,tram,63875,16927000,voyages par an,2024,"https://www.metropole-rouen-normandie.fr/file-download/download/public/632513 (observatoire des mobilités, chiffres clés 2024, p. 6)",1,"le « métro », tram en partie souterrain, ses deux branches réunies ; hors titres SMS et paiement sans contact",
rouen,T1,bhns,19155,5076000,voyages par an,2024,"https://www.metropole-rouen-normandie.fr/file-download/download/public/632513 (observatoire des mobilités, chiffres clés 2024, p. 6)",1,TEOR ; hors titres SMS et paiement sans contact,site propre
rouen,T2,bhns,20291,5377000,voyages par an,2024,"https://www.metropole-rouen-normandie.fr/file-download/download/public/632513 (observatoire des mobilités, chiffres clés 2024, p. 6)",1,TEOR ; hors titres SMS et paiement sans contact,site propre
rouen,T3,bhns,18453,4890000,voyages par an,2024,"https://www.metropole-rouen-normandie.fr/file-download/download/public/632513 (observatoire des mobilités, chiffres clés 2024, p. 6)",1,TEOR ; hors titres SMS et paiement sans contact,site propre
rouen,T4,bhns,11223,2974000,voyages par an,2024,"https://www.metropole-rouen-normandie.fr/file-download/download/public/632513 (observatoire des mobilités, chiffres clés 2024, p. 6)",0,TEOR ; hors titres SMS et paiement sans contact ; prolongée à l’Esigelec en janvier 2026,site propre
le-mans,T1,tram,33208,8800000,voyages par an,2025,"https://www.donnees.pays-de-la-loire.developpement-durable.gouv.fr/publications/tcu/2025/ort_frequentation_tcu.html (DREAL Pays de la Loire, d'après la Setram)",1,tram coupé quatre semaines l’été 2025 pour allonger les quais,
le-mans,T2,tram,26792,7100000,voyages par an,2025,"https://www.donnees.pays-de-la-loire.developpement-durable.gouv.fr/publications/tcu/2025/ort_frequentation_tcu.html (DREAL Pays de la Loire, d'après la Setram)",1,tram coupé quatre semaines l’été 2025 pour allonger les quais,
le-mans,T3,bhns,5835,1546239,voyages par an,2025,"https://www.donnees.pays-de-la-loire.developpement-durable.gouv.fr/publications/tcu/2025/ort_frequentation_tcu.html (DREAL Pays de la Loire, d'après la Setram)",1,Tempo,site propre
