ville,ligne,mode,nom,reseau,stations,longueur_km,dist_centre_km,part_centre,ville_hab_10k,ville_emp_10k,ville_hab_20k,ville_emp_20k,emplois_centre_1k,lignes_reseau,stations_reseau,hab_300,emp_300,hab_propre_300,emp_propre_300,hab_400,emp_400,hab_propre_400,emp_propre_400,hab_500,emp_500,hab_propre_500,emp_propre_500,hab_600,emp_600,hab_propre_600,emp_propre_600,hab_800,emp_800,hab_propre_800,emp_propre_800,hab_1000,emp_1000,hab_propre_1000,emp_propre_1000,hab_2k,emp_2k,hab_5k,emp_5k,correspondances,stations_correspondance,gares,part_partagee_400
angers,A,tram,Tram Irigo A : Avrillé-Ardenne → Roseraie,Irigo,25,11.02,0.29,0.36,264296,136684,363674,160914,30337,3,62,34763,31425,22420,20703,47282,36424,30327,22616,61629,45172,38274,26929,70138,50767,43447,27247,85583,59391,51205,29830,100039,64207,57496,31481,149159,82719,231740,125702,11,11,1,0.699
angers,B,tram,Tram Irigo B : Belle-Beille Campus → Monplaisir,Irigo,18,8.3,0.43,0.389,264296,136684,363674,160914,30337,3,62,35055,14408,26076,8285,44156,23574,32205,13295,51503,26050,36305,14289,59025,35210,40337,18278,72944,46140,47812,21855,84995,53954,51483,26188,135969,87300,221655,125406,11,11,1,0.557
angers,C,tram,Tram Irigo C : Belle-Beille Campus → Roseraie,Irigo,19,8.5,0.01,0.421,264296,136684,363674,160914,30337,3,62,34112,25526,17624,13780,43443,30035,21189,14239,55334,37236,26579,17318,60352,42664,28563,19346,74043,57656,33982,24419,86378,64958,38397,27263,138844,89608,220899,124788,18,18,1,1.0
avignon,T1,tram,Tram T1 : St-Roch => St-Chamand,Orizo,10,4.56,0.74,0.4,211392,102903,395711,162487,17991,1,10,19059,7012,19059,7012,23189,9826,23189,9826,28933,13117,28933,13117,33297,15190,33297,15190,43965,22460,43965,22460,50525,32482,50525,32482,75098,47737,142049,75806,0,0,1,0.0
avignon,C2,bhns,Bus C2 : Hôpital => Buld'Air,Orizo,39,12.69,0.77,0.205,211392,102903,395711,162487,17991,1,10,25018,17261,24008,16264,33946,22377,31543,20182,40429,25669,36570,22496,49097,27111,42192,23238,62147,36161,49330,28560,72011,43849,54489,31889,107751,59865,191331,90060,1,1,1,0.151
avignon,C3,bhns,Bus C3 : St-Lazare => Avignon Sud => P+R Agroparc,Orizo,24,9.16,1.0,0.167,211392,102903,395711,162487,17991,1,10,12297,12361,11327,12022,17246,15739,15050,14392,22774,21812,18965,19733,28122,23198,21752,20107,37224,27280,26387,22178,47705,40546,32824,27566,89451,49670,168670,82861,2,2,0,0.237
besancon,T1,tram,Tram T1 : Hauts du Chazal => Chalezeule,Ginko,29,12.22,0.31,0.276,167406,86196,236740,103011,22363,2,49,33453,23159,22372,12653,46113,28432,30462,16187,54287,32450,34784,18265,61360,35097,38852,19688,73023,46457,45882,25795,83650,51387,52272,28384,118225,63925,152596,81849,18,18,0,0.707
besancon,T2,tram,Tram T2 : Hauts du Chazal => Gare Viotte,Ginko,20,8.81,0.31,0.45,167406,86196,236740,103011,22363,2,49,24436,22766,13355,12260,34099,26248,18449,14003,42125,30655,22622,16470,48676,33136,26168,17727,59332,42368,32191,21706,68333,46528,36955,23524,107974,61654,147388,80609,18,18,1,0.921
bordeaux,B,tram,Tram B : Pessac Centre → Bordeaux Berges de la Garonne,TBM,37,18.49,0.22,0.243,749718,426279,1026351,514915,56108,6,194,50960,54569,45920,41370,73564,74759,62961,54332,96565,82493,78953,53573,117163,96717,90754,59015,158392,116522,113864,67757,194672,145771,127825,80587,346847,239395,663015,373594,8,4,2,0.254
bordeaux,C,tram,Tram C : Villenave-Pyrénées → Parc des Expositions,TBM,30,14.54,0.81,0.167,749718,426279,1026351,514915,56108,6,194,46464,39134,25706,19024,66330,58204,34983,27577,79061,71407,37556,31684,95032,81879,44197,34350,128474,101554,56686,40402,156961,120559,63766,43784,291692,199183,588509,310921,33,21,2,0.787
bordeaux,A,tram,Tram A : La Gardette - Bassens - Carbon Blanc → Le Haillan Rostand,TBM,40,19.04,0.17,0.225,749718,426279,1026351,514915,56108,6,194,59611,55488,37852,31217,84754,70587,52100,37228,105800,81597,64140,41829,128270,97057,75229,48634,162952,113507,90932,51690,192949,131572,100771,57337,361277,221969,676710,386535,33,26,3,0.712
bordeaux,D,tram,Tram D : Eysines Cantinolle → Bordeaux Carle Vernet,TBM,24,12.95,0.81,0.25,749718,426279,1026351,514915,56108,6,194,38505,33607,27520,19453,55038,46099,38785,25071,70761,53766,47969,27023,84581,63043,54425,29375,117255,83161,68059,34211,149138,105639,77770,39279,290775,169955,598713,318898,21,9,2,0.457
bordeaux,F,tram,Tram F : Mérignac — Aéroport → Bègles — Gare de Bègles,TBM,34,16.46,0.17,0.294,749718,426279,1026351,514915,56108,6,194,43230,60221,18401,31473,61093,78362,25364,39139,74795,94413,31142,48852,91192,114001,37234,58095,124125,132108,49417,62426,156320,145819,59415,65915,308053,214185,646307,362297,43,29,3,0.946
bordeaux,E,tram,Tram E : Blanquefort — Gare de Blanquefort → Floirac — Floirac Dravemont,TBM,29,18.09,0.81,0.138,749718,426279,1026351,514915,56108,6,194,45562,30153,27873,14520,69745,47141,41472,22379,90368,63092,50902,29178,109823,72560,60393,33165,142615,93330,73262,40250,170856,117177,81093,47146,302048,207325,586965,305242,24,18,4,0.732
bordeaux,G,bhns,Bus express G : Méca => Issac,TBM,46,21.58,0.18,0.174,749718,426279,1026351,514915,56108,6,194,54722,47210,48133,32741,76843,52260,61193,30122,101609,65210,74434,33954,119150,70915,81933,32836,156615,101363,96619,39634,184591,120789,103728,44800,342939,196482,621655,360008,8,4,1,0.372
brest,A,tram,Tram A : Porte de Plouzané → Porte de Guipavas,Bibus,28,13.45,0.07,0.393,212382,106851,322905,141775,24385,2,39,35634,26225,33807,24279,50964,37057,46099,29080,57612,39790,51396,30996,68452,47582,58387,36312,84146,56294,69366,41238,95217,62033,75385,44404,138372,83558,194254,101749,2,2,0,0.231
brest,C,cable,Téléphérique C : Ateliers → Jean Moulin,Bibus,2,0.42,0.71,1.0,212382,106851,322905,141775,24385,2,39,2020,1646,1278,940,4961,3465,2476,1748,5964,3717,2814,1737,10193,6054,4516,2298,15095,15107,6300,5517,19681,18882,8214,6693,57833,34550,147297,75539,1,1,0,0.97
brest,B,tram,Tram B : Gares → CHU La Cavale,Bibus,11,4.73,0.1,0.455,212382,106851,322905,141775,24385,2,39,14082,11001,12997,9760,20739,18726,18118,12073,26700,21910,22392,14079,32787,26233,25443,15802,41317,29255,30228,15641,49285,32658,34296,16225,99871,48153,161742,88080,1,1,1,0.344
caen,T3,tram,T3 : Fleury Hauts de l'Orne → Caen Château-Quatrans,Twisto,15,5.21,0.56,0.333,257814,144679,389784,169826,17750,3,57,17510,17537,10024,7152,24437,20182,13930,8175,32068,27779,17472,10788,38936,34316,20416,14020,49621,37263,24686,15186,59774,38666,28470,15527,104550,64562,195602,125638,15,10,1,0.775
caen,T2,tram,T2 : Caen Presqu'île → Caen Campus 2,Twisto,17,5.67,0.56,0.471,257814,144679,389784,169826,17750,3,57,10753,27187,4374,13756,14574,29777,5879,14994,21726,35514,9272,17316,25959,42419,10638,19880,34993,48665,14956,24545,45032,54134,19378,26644,106298,79163,204916,126041,17,11,0,0.922
caen,T1,tram,T1 : Ifs Jean Vilar → Hérouville Saint-Clair,Twisto,25,9.21,0.56,0.32,257814,144679,389784,169826,17750,3,57,33867,30491,24229,15498,44427,34538,31340,17965,55165,42861,37145,22451,64201,48869,41882,24228,76897,52489,47403,25684,87986,58029,51883,27717,138827,91733,216224,131604,20,15,1,0.575
clermont-ferrand,A,tram,Tram A : Les Vergnes → La Pardieu Gare,SMTC-AC,34,14.1,0.41,0.294,283223,159743,428830,196728,34507,1,34,47527,47282,47527,47282,65205,58483,65205,58483,78962,67852,78962,67852,90099,77540,90099,77540,115566,84954,115566,84954,134972,91738,134972,91738,190855,126106,254700,150502,0,0,1,0.0
dijon,T2,tram,Tram Ligne 2 : CHENÔVE Centre → DIJON Valmy,Divia,21,10.49,0.42,0.333,268473,142340,330093,156604,31047,2,38,33222,34408,29993,25686,53360,40407,46626,30554,64890,48393,55852,35701,79003,53677,65434,39005,98625,62827,79114,44229,112971,70601,87552,49184,174756,102955,234688,131988,4,4,1,0.296
dijon,T1,tram,Tram T1 : DIJON Gare → QUETIGNY Centre La Parenthèse,Divia,17,8.04,0.42,0.353,268473,142340,330093,156604,31047,2,38,16742,32409,13513,23687,28976,38843,22242,28989,37313,47347,28274,34655,49569,52170,36000,37498,66946,57725,47435,39127,82127,63700,56709,42284,154794,84132,247460,135820,5,5,2,0.477
grenoble,A,tram,A : Pont-de-Claix => Fontaine,M réso,31,12.61,0.16,0.323,416312,216239,545380,265810,35515,5,105,60839,41205,47620,27079,90412,55148,69426,35809,115354,67149,86664,41674,131965,73144,96387,43554,165294,88383,111624,50023,192711,102701,119193,57538,276130,152786,374700,198948,12,6,3,0.401
grenoble,B,tram,B : Gières => Grenoble,M réso,22,9.62,0.16,0.455,416312,216239,545380,265810,35515,5,105,30100,41160,15116,26185,40429,55626,18714,33793,51295,63268,21567,35200,59542,71914,23648,36438,76644,85538,27836,34756,100511,94584,34312,31827,199318,120216,361283,198937,23,15,4,0.8
grenoble,C,tram,C : Seyssins => Saint-Martin-d'Hères,M réso,19,8.69,0.72,0.316,416312,216239,545380,265810,35515,5,105,40138,26174,33590,20119,53482,33788,40846,22550,65699,39627,44397,24545,79664,48816,47991,25479,105945,58928,51546,24770,129685,72716,52262,25909,228139,116006,364975,199160,8,7,0,0.497
grenoble,D,tram,D : Saint-Matin-d'Hères => Grenoble,M réso,16,6.65,0.16,0.438,416312,216239,545380,265810,35515,5,105,31556,21790,17233,9128,43106,33829,22963,13843,56796,38872,28736,14979,67250,45341,32995,16512,86616,56088,40355,18811,109013,69240,45581,21055,201411,105668,341336,186302,19,12,1,0.784
grenoble,E,tram,E : Grenoble => Fontanil,M réso,17,11.0,0.41,0.294,416312,216239,545380,265810,35515,5,105,36783,10447,29710,6720,53576,16874,39808,10692,64443,26384,43712,15335,73139,38501,47262,22001,95494,59132,52575,30082,116820,74311,55256,34792,203439,123409,365844,194802,4,2,0,0.433
le-havre,A,tram,"Tram A : La Plage, Le Havre → Grand Hameau, Le Havre",LiA,15,7.91,0.13,0.4,217095,98312,293068,132214,26895,3,49,27596,23172,18802,12658,43119,29248,28615,15420,51354,32457,33143,16970,63265,34015,40148,17745,77208,43391,47022,22473,91919,47061,54162,23351,141872,62896,196222,85740,10,8,1,0.654
le-havre,B,tram,"Tram B : La Plage, Le Havre → Pré Fleuri, Le Havre",LiA,15,8.1,0.13,0.4,217095,98312,293068,132214,26895,3,49,31450,21747,22656,11233,47364,27388,32860,13559,57624,30134,39239,14647,68010,31454,43296,15131,84557,40007,47640,18803,101493,44498,52655,20146,149908,67396,211654,97510,10,8,1,0.611
le-havre,C,tram,"Tram C : Vallée Béreult, Le  Havre → Parc Jardin, Montivilliers",LiA,19,13.38,1.24,0.105,217095,98312,293068,132214,26895,3,49,28448,16173,25288,13292,37370,24515,32269,19166,47481,29030,39273,22336,55657,32405,44435,25041,72704,37505,50512,28055,84691,45852,52371,31513,146382,77419,222846,99190,4,2,1,0.225
le-havre,A+B,tram,"Tram A : La Plage, Le Havre → Grand Hameau, Le Havre et Tram B : La Plage, Le Havre → Pré Fleuri, Le Havre",LiA,22,12.01,0.13,0.273,217095,98312,293068,132214,26895,3,49,42749,25326,40379,23165,64026,31653,60200,27642,76318,34929,70118,29908,89853,36584,81037,31048,109124,46144,90797,38985,128518,50988,101508,40073,175659,75453,215696,97989,2,2,1,0.137
le-mans,T1,tram,Tram Setram T1 : Université → Antarès - Stade Marie Marvingt,SETRAM,24,10.63,0.33,0.375,216856,110858,310980,129135,17825,2,42,27944,24278,21988,18827,37169,31629,28537,24209,49270,39018,38219,28546,57960,45124,44290,32103,74214,49869,54575,35316,88415,53655,62321,38137,136360,71564,192643,103036,7,7,2,0.465
le-mans,T2,tram,Tram Setram T2 : Espal - Arche de la Nature → Bellevue - Hauts de Coulaines,SETRAM,18,7.78,0.18,0.444,216856,110858,310980,129135,17825,2,42,31098,19898,25142,14448,40543,23536,31911,16116,50529,26601,39479,16129,58293,31729,44623,18708,73047,36904,53408,22351,89368,42272,63275,26755,136519,57850,184984,97841,7,7,1,0.456
lille,1,metro,Métro Ligne 1 : Quatre Cantons – Stade Pierre Mauroy → CHU – Eurasanté,Ilévia,18,11.68,0.1,0.222,744895,411512,1310738,566252,54587,4,108,43207,46032,40491,38952,69145,58736,62707,47531,88441,81955,77405,63196,109418,96266,90293,67817,144374,118037,109354,73462,174464,144872,118047,79584,305663,193569,572344,327843,4,2,12,0.181
lille,R,tram,Tram R : Lille – Gare Lille Flandres → Roubaix – Eurotéléport,Ilévia,24,10.75,0.57,0.125,744895,411512,1310738,566252,54587,4,108,32487,35644,21727,21915,49254,53395,30994,31005,63194,64363,36753,36389,82917,79788,45584,39778,118659,105189,58329,45469,158562,124231,73702,47253,330871,211768,792127,378007,15,12,6,0.7
lille,2,metro,Métro Ligne 2 : Saint-Philibert → CH Dron,Ilévia,44,29.82,0.54,0.091,744895,411512,1310738,566252,54587,4,108,93105,79392,85895,68131,145260,104888,129224,83638,189970,124203,162100,93494,236034,150139,192386,104687,317039,195850,237973,126719,391162,231033,272928,132903,642850,326025,953638,451188,9,6,32,0.229
lille,T,tram,Tram T : Lille – Gare Lille Flandres → Tourcoing – Centre,Ilévia,22,11.36,0.58,0.136,744895,411512,1310738,566252,54587,4,108,27534,31223,17822,18050,42670,44425,26864,24362,55412,51449,34312,27331,68266,64661,40979,32708,101055,93539,55407,43955,135527,111813,70128,49649,320722,188276,779515,378625,13,10,3,0.703
lille,L5,bhns,L5 : Marcq – Ferme aux Oies → Haubourdin – Le Parc,Ilévia,45,16.56,0.38,0.244,744895,411512,1310738,566252,54587,4,108,65597,53376,57265,33124,92890,69042,75377,38856,114272,81524,87178,43623,136194,98321,96036,49830,175954,119822,108561,52092,202671,138802,111169,52853,339722,204421,661491,349111,12,6,6,0.399
lille,L92,bhns,L92 : Lille – Porte des Postes → Seclin – Centre Hospitalier,Ilévia,34,12.36,2.2,0.0,744895,411512,1310738,566252,54587,4,108,23361,18857,20891,15688,31432,21731,27454,17997,38357,24201,30803,19596,44873,28690,33159,21220,57966,33727,39513,23047,73156,38914,46868,24892,159508,92766,457494,236050,3,2,2,0.229
lille,L90,bhns,L90 : Comines – Mairie → Lille – Gare Lille Europe,Ilévia,35,18.14,0.55,0.086,744895,411512,1310738,566252,54587,4,108,22794,19064,21294,10519,31911,26572,28132,13336,38297,33166,32870,15882,49504,40095,40872,17510,71786,63769,55175,24282,95314,81266,67888,30825,212213,138007,526209,275352,7,2,3,0.26
lille,L8,bhns,L8 : Hem – Blanchisserie → Tourcoing – Risquons Tout,Ilévia,47,14.91,9.31,0.0,744895,411512,1310738,566252,54587,4,108,62780,17407,56165,11258,85548,27865,72463,15676,106751,32876,87067,18550,124219,43024,94450,23380,157757,52676,109244,26959,188027,60860,118190,30198,286993,89806,411444,164464,9,7,7,0.301
lille,L91,bhns,L91 : Lille – Gare Lille Europe → Halluin – Gounod,Ilévia,48,19.5,0.55,0.062,744895,411512,1310738,566252,54587,4,108,34649,22812,33149,14267,50883,31178,46552,18081,58947,32745,51487,17245,72403,47398,60113,22664,101180,66834,74065,27230,122547,85818,81684,32389,243627,152888,700836,343243,7,2,3,0.187
lille,L7,bhns,L7 : Lille – Porte des Postes → Faches-Thumesnil – Centre Commercial,Ilévia,18,6.06,2.2,0.0,744895,411512,1310738,566252,54587,4,108,21395,5973,19573,5409,26883,7801,24168,6706,34485,11138,29534,9469,40616,14312,31079,9803,56020,17816,37985,11330,77568,27449,48256,16140,159113,87635,439360,258695,2,1,1,0.157
lille,L2,bhns,L2 : Loos – Les Oliveaux → Wattignies – Centre Commercial,Ilévia,24,7.06,3.71,0.0,744895,411512,1310738,566252,54587,4,108,15935,9280,15643,6665,21436,11593,20318,8972,26217,12659,24186,9368,30571,14596,27950,11290,41370,20804,35816,14376,51873,22420,43886,14666,112765,36837,367611,216388,1,1,0,0.153
lille,L1,bhns,L1 : Wambrechies – Agrippin → Faches-Thumesnil – Centre Commercial,Ilévia,45,15.88,0.52,0.156,744895,411512,1310738,566252,54587,4,108,51970,29187,48787,22884,67724,44382,60148,31232,82331,53052,71807,36343,100149,62600,81918,39249,129167,88270,98007,47585,153809,114713,106516,53331,277828,168255,552202,317694,2,2,5,0.284
lille,L4,bhns,L4 : Halluin – Gounod → Leers – Centre Commercial,Ilévia,52,17.69,10.12,0.0,744895,411512,1310738,566252,54587,4,108,55954,24774,50893,19196,76407,34837,66601,24222,91815,40203,75347,26230,109143,44878,86331,27645,141666,50511,102113,30162,175682,57339,118500,33360,297117,93053,428064,153622,10,7,9,0.249
lille,L6,bhns,L6 : Fort de Mons → Villeneuve d'Ascq – Contrescarpe,Ilévia,15,6.05,4.08,0.0,744895,411512,1310738,566252,54587,4,108,16826,4782,13987,4014,20123,6836,16923,5586,26069,8690,21011,6802,33482,10705,25781,8637,45799,22065,31021,17416,56621,27375,34390,19765,109533,57310,466991,276375,2,2,1,0.322
lille,L99,bhns,L99 : Lomme – Saint-Philibert → Armentières – Le Bizet,Ilévia,28,12.71,6.37,0.0,744895,411512,1310738,566252,54587,4,108,20982,9039,20471,7766,26930,10289,26101,8904,31518,11600,30307,10214,35067,13101,33206,11658,40284,15974,37547,13884,45573,17732,41266,15262,71361,29814,211886,77296,1,1,3,0.083
lille,L3,bhns,L3 : Roubaix – Eurotéléport → Wattrelos – Quartier Beaulieu,Ilévia,16,4.51,10.31,0.0,744895,411512,1310738,566252,54587,4,108,19767,7762,18544,6577,26647,8884,23907,7011,33667,15377,29014,9853,38548,16268,31673,10154,51517,20134,38572,11728,64843,23141,44776,13436,129826,43752,332658,121047,2,1,1,0.169
lille,R+T,tram,Tram R : Lille – Gare Lille Flandres → Roubaix – Eurotéléport et Tram T : Lille – Gare Lille Flandres → Tourcoing – Centre,Ilévia,37,18.23,0.57,0.081,744895,411512,1310738,566252,54587,4,108,44777,46992,39260,38179,69411,70778,57162,52740,89806,84563,70033,60519,114683,103058,85068,67805,164602,135743,110097,81240,217586,158854,137443,86237,431269,249314,845534,395480,7,6,7,0.361
lyon,D,metro,Ligne D : Gare de Vaise ⇒ Gare de Vénissieux,TCL,15,12.32,0.79,0.267,1220716,653828,1680801,853348,52340,12,194,55751,36266,45023,26619,94234,59031,65849,38570,122216,72909,78439,45115,154304,96988,85530,53362,213796,141818,100694,62810,277160,190110,116168,71720,578739,335072,1045508,600162,7,6,2,0.553
lyon,C,metro,Ligne C : Hôtel de Ville - Louis Pradel ⇒ Cuire,TCL,5,2.24,0.46,0.6,1220716,653828,1680801,853348,52340,12,194,27252,12675,24627,9460,37884,21072,33085,16471,48150,23295,41033,17886,61940,30664,50870,22077,86027,39003,64666,25105,106175,60987,69870,29946,227889,177380,756827,422539,1,1,0,0.28
lyon,B,metro,Ligne B : Charpennes ⇒ Saint-Genis-Laval Hôpitaux Sud,TCL,12,9.64,1.06,0.167,1220716,653828,1680801,853348,52340,12,194,54038,52501,33701,28971,82037,77980,46430,40177,124364,106860,63421,48836,151295,137013,72494,57562,204074,166247,81122,56591,250114,195142,90676,54808,477700,309184,981383,522555,11,7,3,0.734
lyon,T3,tram,Tram T3 : Meyzieu - Zone Industrielle ⇒ Gare Part-Dieu - Villette,TCL,13,14.54,2.07,0.0,1220716,653828,1680801,853348,52340,12,194,32140,23724,22807,9114,51738,33420,34355,12905,75960,54590,44676,21765,104691,64503,59120,24353,158591,104501,75414,35453,216695,135914,85159,40869,473110,258467,902322,515289,10,7,1,0.653
lyon,T4,tram,Tram T4 : Hôpital Feyzin Vénissieux ⇒ La Doua Gaston Berger,TCL,32,15.08,2.05,0.0,1220716,653828,1680801,853348,52340,12,194,79823,59385,58121,35017,116587,78771,76683,41440,151896,98980,89194,46748,183242,113176,97441,48515,243178,139287,108188,48791,302855,163204,116832,47791,525347,297417,1046838,580588,20,15,2,0.633
lyon,A,metro,Ligne A : Perrache ⇒ Vaulx-en-Velin - La Soie,TCL,14,8.99,0.08,0.357,1220716,653828,1680801,853348,52340,12,194,76232,48297,61032,35870,105024,67653,75870,42148,138768,84658,87787,48674,163690,103940,89779,48697,222149,141708,94419,51779,273971,176489,93338,50015,521034,325554,1001207,526381,11,6,1,0.499
lyon,T1,tram,Tram T1 : Debourg ⇒ La Doua IUT - Feyssine,TCL,27,10.5,0.78,0.259,1220716,653828,1680801,853348,52340,12,194,67825,91234,36889,52087,100091,120232,46939,60258,125042,147627,52054,65962,155373,170394,56455,63200,210239,196977,62834,58408,256194,229213,66817,57727,484469,309935,1035131,534037,25,19,3,0.885
lyon,T2,tram,Tram T2 : Saint-Priest - Bel Air ⇒ Hôtel de Région - Montrochet,TCL,32,15.3,1.74,0.0,1220716,653828,1680801,853348,52340,12,194,71168,45453,51924,29741,99504,61040,68788,38240,123378,76569,77965,43010,150522,87862,88596,45822,194379,103675,93646,47787,242966,127011,101319,52710,465523,282478,1059293,598938,17,14,3,0.59
lyon,Rhônexpress,tram,Rhônexpress : Gare Part-Dieu - Villette -> Aéroport Lyon - Saint-Exupéry,Rhônexpress,4,19.44,2.09,0.0,1220716,653828,1680801,853348,52340,12,194,4971,18250,1538,8126,7886,29731,2737,11711,13706,38410,3765,12453,21552,44670,5523,14077,39431,72191,8859,19222,72805,93894,14638,23082,329823,209651,896895,507732,6,3,2,0.877
lyon,T5,tram,Tram T5 : Eurexpo ⇒ Grange Blanche,TCL,11,6.2,4.18,0.0,1220716,653828,1680801,853348,52340,12,194,13975,11090,8288,5252,21819,16381,12486,7372,31392,21673,16922,9000,38511,25226,19872,11605,55776,31045,26850,14170,73824,39590,30881,17990,214340,98955,787242,478019,9,7,0,0.782
lyon,T7,tram,Tram T7 : Décines - OL Vallée ⇒ Vaulx-en-Velin - La Soie,TCL,5,5.17,6.84,0.0,1220716,653828,1680801,853348,52340,12,194,4726,5765,2002,3042,10580,9866,4608,4206,13849,11608,6233,4998,18732,12723,8232,5630,30944,17958,14212,7031,39992,20278,18037,7364,110818,46813,444072,215389,6,4,0,0.958
lyon,T6,tram,Tram T6 : Debourg ⇒ La Doua - Gaston Berger,TCL,24,11.31,3.33,0.0,1220716,653828,1680801,853348,52340,12,194,75154,36761,61170,30043,111470,44725,84561,33156,139603,56726,93274,33210,166503,69133,99506,35406,217846,89966,100863,40949,267418,117268,98584,45227,479139,264119,1023984,562047,10,7,0,0.456
marseille,T1,tram,T1: Noailles -> Les Caillols,RTM,14,5.5,0.93,0.071,883170,346997,1196179,486324,45830,6,89,48926,12525,39094,8071,68157,18602,47966,10563,86469,30865,50030,14611,103074,38847,51642,16322,134283,61957,58566,22363,171687,80343,70328,26880,384701,163896,710361,293034,4,2,1,0.475
marseille,T1 (Lignes de l'Agglo),tram,Tram T1 : Colette Molina - Le Charrel -> Gare d'Aubagne,Lignes de l'Agglo,7,2.65,14.56,0.0,883170,346997,1196179,486324,45830,6,89,10548,3269,10548,3269,14280,4089,14280,4089,16778,4455,16778,4455,19749,6266,19749,6266,24471,7314,24471,7314,28761,8164,28761,8164,43276,13228,88758,46360,0,0,1,0.0
marseille,T2,tram,T2 : Blancarde -> Arenc Le Silo,RTM,15,4.94,0.39,0.533,883170,346997,1196179,486324,45830,6,89,62894,44447,32354,18617,84846,51226,38850,19165,108252,60144,40318,20349,124805,70151,43058,21685,157588,84532,47551,23256,191478,100511,55624,26804,350799,165074,699024,281350,18,12,2,0.868
marseille,T3,tram,T3 : Gèze => La Gaye,RTM,22,9.21,0.39,0.409,883170,346997,1196179,486324,45830,6,89,71474,64267,43340,33888,99888,82582,51460,40914,127112,94854,59210,44450,152148,116837,71079,53087,201606,133163,87547,55465,252499,147681,103278,58365,454967,219828,752455,299178,14,11,1,0.781
marseille,M1,metro,M1 : La Fourragère => La Rose,RTM,18,11.96,0.39,0.278,883170,346997,1196179,486324,45830,6,89,73097,49538,50914,32593,121354,75340,81263,48256,173413,93399,104398,52662,211760,104415,120422,55846,281620,127921,146686,62604,323350,146504,155234,64731,504605,217064,786489,314041,9,7,2,0.545
marseille,M2,metro,M2 : Gèze => Sainte-Marguerite Dromel,RTM,13,8.3,0.69,0.462,883170,346997,1196179,486324,45830,6,89,63057,46257,39415,25229,104122,71604,56155,32616,133652,85188,62581,36750,161239,105263,74339,43387,211048,123770,86397,45553,255740,138306,94717,48171,437181,211265,758656,298721,10,7,1,0.748
marseille,B1,bhns,Bus B1 : Campus de Luminy => Castellane,RTM,26,9.34,1.72,0.0,883170,346997,1196179,486324,45830,6,89,39747,23903,31004,16615,57408,36828,38764,23480,75738,44664,47360,27126,90488,48281,52090,23519,122959,59134,63633,26341,152803,73361,70239,30472,314683,148474,614193,253234,6,4,0,0.547
marseille,B2,bhns,B2 : Métro Gèze -> Vallon des Tuves,RTM,32,8.87,3.53,0.0,883170,346997,1196179,486324,45830,6,89,34225,14035,34088,13951,38739,15345,37709,15129,47422,18989,44459,17329,51410,24850,47989,22477,69296,29821,62921,26068,81190,33836,72139,27067,154282,54458,497436,204564,2,1,2,0.041
marseille,B3,bhns,Bus B3 : Technopôle de Château-Gombert -> Saint-Jérôme Parking Relais,RTM,15,4.92,5.12,0.0,883170,346997,1196179,486324,45830,6,89,17127,9334,15728,8598,27386,15573,22924,13736,32949,17105,26515,14652,40036,20482,32233,16941,56670,22987,43423,17696,71292,25074,52258,17786,144810,50717,546942,200009,3,3,0,0.313
metz,B,bhns,Mettis B : Hôpital Mercy → Université Saulcy,LE MET',22,9.72,0.39,0.364,235932,125083,420960,172398,32224,0,0,18678,24279,18678,24279,25209,37827,25209,37827,31076,42875,31076,42875,38677,47462,38677,47462,57152,61263,57152,61263,75817,66806,75817,66806,127346,85864,198683,107506,0,0,2,0.0
metz,A,bhns,Mettis A : Woippy Saint-Éloy → Borny,LE MET',30,12.28,0.39,0.367,235932,125083,420960,172398,32224,0,0,32770,37704,32770,37704,41151,51717,41151,51717,48843,59563,48843,59563,56673,64563,56673,64563,71239,71555,71239,71555,86929,76220,86929,76220,143174,92529,201024,111123,0,0,3,0.0
metz,A+B,bhns,Mettis B : Hôpital Mercy → Université Saulcy et Mettis A : Woippy Saint-Éloy → Borny,LE MET',41,17.22,0.39,0.293,235932,125083,420960,172398,32224,0,0,35739,44241,35739,44241,44050,60296,44050,60296,50810,67014,50810,67014,58544,72203,58544,72203,76113,78695,76113,78695,95246,83805,95246,83805,149836,97715,205489,111955,0,0,3,0.0
montpellier,4A,tram,Tram 4A: Garcia Lorca => Gare Saint-Roch => Albert 1er => Garcia Lorca,TaM,18,7.41,0.32,0.722,485486,252097,639075,286461,41178,6,149,44602,33812,15192,9691,59724,48229,18996,12696,78274,54941,22710,13790,90782,60816,25771,14913,109811,66963,28518,15527,127203,69781,30506,15357,197366,125018,364349,216179,37,18,1,0.995
montpellier,4B,tram,Tram 4B: Garcia Lorca => Albert 1er => Gare Saint-Roch => Garcia Lorca,TaM,18,7.46,0.32,0.722,485486,252097,639075,286461,41178,6,149,43657,34100,14688,9822,58799,48661,18353,12908,78274,54941,22710,13790,91293,60982,26345,15038,110304,67129,28775,15672,128312,70000,30998,15430,197388,125241,364716,216963,38,18,1,1.0
montpellier,2,tram,Tram 2: Jacou => Saint-Jean-de-Védas Centre,TaM,28,15.42,0.02,0.25,485486,252097,639075,286461,41178,6,149,54115,21228,43551,11853,71405,28828,54876,16590,91902,40306,65170,20636,105490,45147,72489,23422,132940,63039,80412,33371,159074,83274,85411,42064,256384,141150,406960,232339,13,5,1,0.339
montpellier,1,tram,Tram 1: Mosson → Gare Sud de France,TaM,31,14.56,0.02,0.355,485486,252097,639075,286461,41178,6,149,54897,63511,35075,41197,74602,75351,43535,41357,98842,84228,55895,43850,115234,90489,62977,45079,144312,103710,71906,49316,175272,112192,78951,51848,284234,168016,415573,226473,26,13,2,0.62
montpellier,3,tram,Tram 3: Juvignac => Lattes Centre,TaM,28,18.29,0.32,0.286,485486,252097,639075,286461,41178,6,149,57292,32658,42472,21185,79839,50466,55567,28814,102039,58484,66345,30779,118241,67787,73178,33916,148335,86220,82103,38203,178269,96113,91304,43176,290399,154685,414958,226345,18,7,1,0.45
montpellier,5,tram,Tram 5: Grés de Montpellier → Clapiers,TaM,26,11.92,0.48,0.308,485486,252097,639075,286461,41178,6,149,42408,28018,30931,15013,58868,40159,41160,19801,73254,45290,46725,20625,84322,48857,50904,21084,110483,60883,57249,24691,130179,67855,58594,25999,248525,117670,427984,220358,17,8,0,0.49
mulhouse,T14,tram,Tram-train T14 : Gare Centrale → Thann Saint-Jacques,TER Grand Est;Soléa,18,21.66,0.17,0.389,258989,104146,411562,153051,18023,4,55,21063,19374,10352,8974,29009,23624,14159,10720,40809,29218,19376,13564,48744,32244,23177,15026,65325,38822,30349,18417,81522,44609,37797,21121,142134,66596,238093,102309,19,11,12,0.802
mulhouse,1,tram,Tram 1 : Châtaigner → Gare Centrale,Soléa,12,4.7,0.22,0.5,258989,104146,411562,153051,18023,4,55,18792,12219,14653,6288,26526,16341,20654,7743,34403,18412,24185,8233,40553,21182,26960,9319,52883,24130,31015,9841,66366,29800,36578,13364,120596,43986,209043,89528,7,3,1,0.376
mulhouse,2,tram,Tram 2 : Nouveau Bassin → Coteaux,Soléa,14,5.7,0.17,0.571,258989,104146,411562,153051,18023,4,55,21587,13193,14686,6787,34874,16224,25248,8301,45161,19207,29345,9053,52927,21953,32646,10280,65266,29399,35717,14131,75418,37397,37769,17870,120275,57178,205519,90025,11,5,0,0.431
mulhouse,3,tram,Tram 3 : Lutterbach Gare → Gare Centrale,Soléa,11,6.27,0.17,0.636,258989,104146,411562,153051,18023,4,55,16659,15702,6045,5388,23128,20064,8278,7160,33031,23744,11597,8090,38739,26387,13459,9178,51498,30452,16865,10072,64129,34126,20408,10906,113362,51905,194082,86406,19,11,5,0.994
nancy,T1,bhns,Tempo 1 : Essey Mouzimpré → Vandœuvre Brabois - Hôpitaux,Stan,25,9.46,0.11,0.4,294829,145067,392978,170948,35926,0,0,38881,33077,38881,33077,52837,37008,52837,37008,66787,41679,66787,41679,76072,49730,76072,49730,95639,57246,95639,57246,110158,73498,110158,73498,179728,94417,270366,132247,0,0,2,0.0
nancy,T4,bhns,Tempo 4 : Laxou Champ le Boeuf → Houdemont Porte Sud,Stan,44,12.98,0.28,0.318,294829,145067,392978,170948,35926,0,0,47110,29818,47110,29818,63785,42437,63785,42437,73148,49240,73148,49240,87079,57103,87079,57103,107728,69781,107728,69781,122958,78901,122958,78901,186882,100991,256975,132262,0,0,4,0.0
nancy,T3,bhns,Tempo 3 : Villers Campus Sciences → Seichamps Haie Cerlin,Stan,55,15.91,0.56,0.273,294829,145067,392978,170948,35926,0,0,44442,31796,44442,31796,60239,36314,60239,36314,72814,42278,72814,42278,87507,50524,87507,50524,109261,70899,109261,70899,127511,75994,127511,75994,204008,102033,261585,127080,0,0,4,0.0
nancy,T2,bhns,Tempo 2 : Laneuveville Centre → Laxou Sapinière,Stan,45,13.33,0.21,0.311,294829,145067,392978,170948,35926,0,0,43717,31387,43717,31387,54371,39451,54371,39451,64720,46817,64720,46817,74989,56131,74989,56131,92862,65447,92862,65447,108764,73990,108764,73990,175563,90662,253996,130127,0,0,5,0.0
nancy,T5,bhns,Tempo 5 : Maxéville Meurthe-Canal → Vandœuvre Roberval,Stan,31,9.14,0.28,0.419,294829,145067,392978,170948,35926,0,0,42226,30158,42226,30158,56489,38283,56489,38283,67766,43190,67766,43190,78465,48374,78465,48374,100046,57187,100046,57187,114191,67313,114191,67313,181717,93194,262749,135178,0,0,0,0.0
nantes,1,tram,1 François Mitterrand → Beaujoire,TAN,36,17.61,0.44,0.194,605210,367826,821482,427500,50825,3,93,54941,41108,52937,37813,79210,60673,74762,50841,103725,84603,96749,69961,127237,101492,116755,81101,159894,127325,141383,92775,185560,156363,157270,110656,303256,227900,556830,340360,2,1,1,0.114
nantes,2,tram,2 Orvault Grand Val → Gare de Pont-Rousseau,Naolib,25,10.98,0.25,0.36,605210,367826,821482,427500,50825,3,93,36910,49985,29104,35669,51035,58431,39033,38340,64057,71043,47388,44763,77544,82175,55053,48195,97991,102739,63963,55804,122751,116217,74609,58789,259930,173748,504781,303652,10,9,1,0.472
nantes,3,tram,3 Marcel Paul → Neustrie,Naolib,32,13.48,0.39,0.25,605210,367826,821482,427500,50825,3,93,48708,39705,40902,25390,69673,52558,57671,32468,85312,63135,68466,36452,102760,76167,80776,42170,129722,95672,97467,50003,158908,111155,112881,57566,276574,179417,504333,308226,10,9,1,0.379
nantes,4,bhns,4 Foch-Cathédrale → Porte de Vertou,Naolib,15,6.25,0.27,0.2,605210,367826,821482,427500,50825,3,93,19251,24286,17877,20444,28528,30237,22936,21058,36848,44743,26490,25425,44365,51532,30116,27245,59316,70946,36935,29290,77040,88919,44398,33781,177065,138517,456857,242850,1,1,0,0.392
nantes,C1,bhns,C1 Gare de Chantenay → Haluchère-Batignolles,TAN,31,8.58,0.09,0.419,605210,367826,821482,427500,50825,3,93,45803,35345,40363,21916,62457,44286,48498,24707,75369,55324,54520,29242,88024,62979,56869,29782,116134,82725,66568,34751,147242,97508,75104,37778,257195,179624,501923,302223,6,4,1,0.454
nantes,C6,bhns,C6 Hermeland → Chantrerie Grandes Écoles,Naolib,44,14.53,0.09,0.318,605210,367826,821482,427500,50825,3,93,57969,41558,51866,29843,75773,50349,62558,32286,92955,60266,74846,37597,109031,68493,82792,37792,140647,93502,92322,43857,167509,117663,94506,52164,303235,216640,532181,326907,9,7,0,0.352
nantes,C20,bhns,C20 École Centrale Audencia → Gare Maritime,Naolib,36,12.61,2.14,0.0,605210,367826,821482,427500,50825,3,93,36866,16761,31882,13115,52866,19840,42394,14763,68592,28342,50521,19391,80688,35882,55141,23615,106981,41050,67798,25691,133602,52724,75620,28742,259050,133000,494779,310902,9,9,1,0.408
nantes,C3,bhns,C3 Bio Ouest Laënnec → Boulevard de Doulon,Naolib,38,12.02,0.46,0.263,605210,367826,821482,427500,50825,3,93,44047,55806,37522,40262,58716,71761,46887,46703,74701,91001,54218,53615,89259,98874,59041,53600,116345,120761,66533,56929,143449,135894,73884,57830,274922,178234,519773,304339,12,7,1,0.399
nice,L1,tram,Tram L1 : Henri Sappia => Hôpital Pasteur,Lignes d'Azur,20,8.34,0.11,0.4,461246,179255,750048,280968,34162,4,66,80531,43283,73924,36116,108099,54338,97900,43887,132189,60515,114571,45365,155439,65852,130824,43942,188529,71211,149280,43222,211860,79184,158894,47642,263067,95599,363956,121766,4,2,3,0.161
nice,L3,tram,Tram L3 : Saint-Isidore => Port Lympia,Lignes d'Azur,23,12.18,0.39,0.217,461246,179255,750048,280968,34162,4,66,57710,42988,30376,22490,78799,52360,40821,26733,97083,60191,48691,29415,114386,76603,56325,35546,139953,85872,65080,38462,166407,93635,74033,40074,275762,127000,450143,176630,20,17,2,0.887
nice,L2,tram,Tram L2 : Port Lympia => Aéroport Terminal 2,Lignes d'Azur,17,8.55,0.39,0.294,461246,179255,750048,280968,34162,4,66,42807,35114,19612,15164,59732,43034,27080,18273,76866,50044,33443,20409,91210,60052,38699,22867,117241,72224,47404,27218,142910,77970,55890,28762,253811,114882,440471,171617,20,17,1,1.0
nice,B,tram,Tram B : CADAM / Centre Administratif => Aéroport Terminal 2,Lignes d'Azur,6,2.6,5.63,0.0,461246,179255,750048,280968,34162,4,66,9185,10371,4457,6982,12147,11258,5842,7395,13528,11973,6182,7529,15631,18596,7066,7959,23408,22998,11130,10102,33954,33893,18044,15434,80365,43264,196497,81318,6,5,1,0.907
nimes,T1,bhns,Tram-Bus T1 : A54/Caissargues → Centre Ville → A54/Caissargues,Tango,15,6.47,0.2,0.6,204618,90614,355201,126355,22870,0,0,23522,16859,23522,16859,30941,20589,30941,20589,37992,29081,37992,29081,42703,32845,42703,32845,54353,37740,54353,37740,62354,42782,62354,42782,105603,55707,163877,82019,0,0,0,0.0
nimes,T2,bhns,Tram-Bus T2 : CHU-Carémeau → Paloma,Tango,27,10.19,0.34,0.259,204618,90614,355201,126355,22870,0,0,38711,23122,38711,23122,53654,27738,53654,27738,66312,31108,66312,31108,77071,35681,77071,35681,93317,42753,93317,42753,106244,47633,106244,47633,135018,68896,173947,84348,0,0,1,0.0
nimes,T4,bhns,Tram-Bus T4 : La Glacière → A54/Caissargues,Tango,21,13.03,0.34,0.333,204618,90614,355201,126355,22870,0,0,26453,19420,26453,19420,40163,24904,40163,24904,52456,30228,52456,30228,61047,36361,61047,36361,76788,43644,76788,43644,90968,49031,90968,49031,133171,63004,182461,85846,0,0,1,0.0
orleans,A,tram,Tram A: Jules Verne => Hôpital de La Source,FR:TAO,27,15.74,0.39,0.222,292185,147549,369266,169979,29314,2,52,35936,21505,33070,18631,50402,36645,45837,30808,62694,48478,56020,38315,72956,52575,64924,41211,94844,61344,82516,47363,113949,70356,94909,54256,179940,91845,252964,130808,1,1,3,0.206
orleans,B,tram,Tram B: Georges Pompidou => Clos du Hameau,FR:TAO,25,10.59,0.04,0.36,292185,147549,369266,169979,29314,2,52,29820,25928,26954,23055,45165,30928,40601,25091,55128,35612,48454,25449,64743,38704,56711,27340,79291,46199,66962,32218,94776,52581,75736,36481,149478,73542,251531,110896,1,1,0,0.232
paris,8,metro,Ligne 8 : Pointe du Lac → Balard,Métro de Paris,38,22.4,1.17,0.158,4642728,3040629,8522901,4354322,82976,33,693,204238,234542,144645,133113,314506,332031,193830,154155,417281,421371,224860,171502,508651,512414,244744,186322,675774,687918,275913,202372,839295,834687,303093,209723,1642336,1495896,3993798,2685274,29,19,4,0.673
paris,7,metro,Ligne 7 : La Courneuve - 8 mai 1945 → Mairie d'Ivry,Métro de Paris,38,21.64,0.28,0.158,4642728,3040629,8522901,4354322,82976,33,693,212260,219364,156618,122501,319495,308205,213602,149084,405069,380798,231937,153794,516147,470721,258540,167582,681646,616926,260318,165798,844201,755995,254159,166404,1584198,1308305,3791787,2523517,23,18,5,0.599
paris,5,metro,Ligne 5 : Bobigny-Pablo Picasso → Place d'Italie,Métro de Paris,22,13.54,1.25,0.091,4642728,3040629,8522901,4354322,82976,33,693,140771,118939,91455,71102,218513,174204,118863,83851,291095,226966,136558,93842,349086,274406,141590,101137,499133,377120,159601,111668,648266,459072,170169,111544,1359802,969766,3284215,2220246,20,12,4,0.751
paris,14,metro,Ligne 14 : Saint-Denis – Pleyel → Aéroport d’Orly,Métro de Paris,21,25.91,0.58,0.048,4642728,3040629,8522901,4354322,82976,33,693,80248,162375,56677,97785,133845,255318,86256,127097,206979,333129,119982,141724,292565,427584,137235,155066,452847,592789,168183,174450,614503,763795,191704,187397,1511296,1453646,4126728,2718379,16,10,11,0.639
paris,4,metro,Ligne 4 : Porte de Clignancourt → Bagneux-Lucie Aubrac,Métro de Paris,29,12.61,0.37,0.31,4642728,3040629,8522901,4354322,82976,33,693,176946,160033,111212,89662,248045,211100,141606,99143,312191,280136,153818,113195,369457,324000,160434,117606,494243,437261,178798,133529,624699,531498,186979,133464,1296919,1077183,3388476,2420639,22,17,10,0.777
paris,10,metro,Ligne 10 : Boulogne - Pont de Saint-Cloud → Gare d'Austerlitz,Métro de Paris,23,11.6,0.77,0.261,4642728,3040629,8522901,4354322,82976,33,693,127441,114543,90833,74036,185085,147896,117055,90475,242883,196759,138498,103510,281772,240366,145820,115576,370922,354624,152109,127869,474230,455711,153958,130064,999206,960586,3011648,2284360,13,12,5,0.663
paris,12,metro,Ligne 12 : Mairie d'Aubervilliers → Mairie d'Issy,Métro de Paris,31,15.9,1.94,0.0,4642728,3040629,8522901,4354322,82976,33,693,184753,191626,141877,124264,262517,280225,181678,140671,343466,353278,208805,158225,403198,409918,207611,159986,546316,545416,210045,158750,703722,660014,219997,157952,1437997,1322351,3462245,2508294,16,12,5,0.601
paris,9,metro,Ligne 9 : Pont de Sèvres → Mairie de Montreuil,Métro de Paris,37,19.29,1.43,0.054,4642728,3040629,8522901,4354322,82976,33,693,213393,280199,154460,166654,326130,406703,217521,213925,425356,512594,249592,236979,519572,614268,275969,251639,693001,770463,286439,238634,847285,920680,277038,233905,1659243,1521156,3884542,2744985,27,18,6,0.59
paris,1,metro,Ligne 1 : Château de Vincennes → La Défense (Grande Arche),Métro de Paris,25,16.21,0.09,0.24,4642728,3040629,8522901,4354322,82976,33,693,102650,212979,73674,143103,178092,349809,113327,202952,243326,472245,132014,246387,310297,560119,153476,251269,446044,715101,180029,250163,595975,858633,200837,251728,1338696,1458296,3793076,2634003,22,14,11,0.619
paris,3,metro,Ligne 3 : Pont de Levallois - Bécon → Gallieni,Métro de Paris,25,11.37,1.04,0.2,4642728,3040629,8522901,4354322,82976,33,693,147176,207303,98310,117560,218577,287311,122088,126776,297469,366868,144725,142473,367571,446472,160400,154909,506993,579461,176852,160591,653316,685097,189713,158858,1352386,1241761,3266484,2431686,19,12,4,0.768
paris,11,metro,Ligne 11 : Châtelet → Rosny - Bois-Perrier,Métro de Paris,19,11.21,0.15,0.211,4642728,3040629,8522901,4354322,82976,33,693,118591,69884,89907,43006,182344,114557,116187,52313,249748,144111,144754,55682,302439,169920,158719,59086,402661,227064,174380,64794,506794,297993,191291,72372,1021717,736783,3044483,2057377,14,7,3,0.641
paris,13,metro,Ligne 13 : Saint-Denis-Université → Châtillon-Montrouge,Métro de Paris,32,23.16,2.74,0.0,4642728,3040629,8522901,4354322,82976,33,693,183343,160052,144765,100683,287311,265281,203639,142793,381698,333824,250795,164122,497772,420816,290063,175999,687004,561774,327172,195789,851431,715811,338392,209593,1638671,1346067,3896376,2650440,18,15,5,0.578
paris,3bis,metro,Ligne 3bis : Porte des Lilas → Gambetta,Métro de Paris,4,1.34,3.56,0.0,4642728,3040629,8522901,4354322,82976,33,693,35630,14289,27285,11098,45737,23879,26118,10700,65010,33310,32113,14588,81146,36843,31428,13812,117659,46797,35068,14346,162628,60031,41014,15423,497779,205001,1674614,1118974,3,2,0,0.789
paris,6,metro,Ligne 6 : Charles de Gaulle-Étoile → Nation,Métro de Paris,28,12.98,2.52,0.0,4642728,3040629,8522901,4354322,82976,33,693,163122,147448,118550,100392,235195,210048,139711,125104,302788,269538,152618,132611,379584,328943,159494,138567,533865,464178,169361,144490,692542,581803,177305,142875,1359609,1105381,3499644,2552227,18,13,7,0.687
paris,2,metro,Ligne 2 : Nation → Porte Dauphine,Métro de Paris,25,11.94,2.49,0.0,4642728,3040629,8522901,4354322,82976,33,693,190633,134540,132040,94241,276183,194418,153701,108296,364679,270535,171664,124047,438965,328425,167588,118767,594842,478039,162065,121944,766906,636542,162576,127785,1447896,1246249,3365154,2593614,15,11,3,0.804
paris,T2,tram,Tram T2 : Pont de Bezons → Porte de Versailles [Parc des Expositions],Tramway d'Île de France,24,17.21,5.64,0.0,4642728,3040629,8522901,4354322,82976,33,693,65104,96372,64789,87689,118613,157635,113004,133046,171224,193425,157586,157582,222328,234382,196388,177147,342921,302777,265220,203546,455543,355423,310519,213925,974248,626229,2493960,1608977,2,2,4,0.144
paris,T3a,tram,Tram T3a : Pont du Garigliano → Porte de Vincennes,Tramway d'Île de France,25,12.19,3.98,0.0,4642728,3040629,8522901,4354322,82976,33,693,127761,63007,92836,45570,177385,104553,112462,66626,237801,138358,130344,74497,310877,172060,147833,79284,455831,256010,172986,97201,587634,333316,182532,107182,1234068,742449,2970295,1908693,12,10,3,0.66
paris,T1,tram,Tram T1 : Asnières-Quatre Routes → Noisy-le-Sec-Gare,Tramway d'Île de France,35,16.97,8.29,0.0,4642728,3040629,8522901,4354322,82976,33,693,125990,43538,115098,40755,167031,53224,139229,46399,201442,60887,163563,51309,229366,66361,178049,52017,301723,84765,218008,63247,362987,116843,241146,79563,706840,264015,2484388,1089954,4,4,2,0.312
paris,T4,tram,Tram T4 : Aulnay-sous-Bois → Bondy,Tramway d'Île de France,20,12.31,10.36,0.0,4642728,3040629,8522901,4354322,82976,33,693,55483,10407,55483,10407,73086,16541,73086,16541,103416,25318,103416,25318,121051,29435,121051,29435,159560,35764,159119,35542,193137,43981,187968,42370,397162,90383,1083553,306588,0,0,2,0.0
paris,Orlyval,metro,Orlyval : Antony → Orly 4,Métro de Paris,4,5.92,11.92,0.0,4642728,3040629,8522901,4354322,82976,33,693,2225,6715,2225,4715,4911,9598,4911,6598,7484,13435,7408,10102,11846,13791,10514,10340,19790,14753,15474,9775,27744,16504,20224,8412,91977,50328,636542,246447,3,3,1,0.231
paris,T3b,tram,Tram T3b : Porte Dauphine → Porte de Vincennes,Tramway d'Île de France,33,16.1,4.22,0.0,4642728,3040629,8522901,4354322,82976,33,693,163384,109622,125278,81314,261966,164162,173032,105133,330590,205998,181487,117924,435624,267409,202859,131599,639859,374499,236838,141515,817143,487897,247708,152680,1567532,992532,3675485,2685783,17,14,7,0.632
paris,7bis,metro,Ligne 7 bis : Louis Blanc → Pré Saint-Gervais,Métro de Paris,8,3.19,2.86,0.0,4642728,3040629,8522901,4354322,82976,33,693,57050,22350,37301,14004,85321,38134,45218,17773,110868,48055,47342,18732,144628,63305,52266,21329,206758,96855,59673,27039,271257,131409,61956,28333,672535,388955,1993943,1590436,5,4,0,0.821
paris,T5,tram,Tram T5 : Marché de Saint-Denis → Gare de Garges - Sarcelles RER,Tramway d'Île de France,16,6.2,9.16,0.0,4642728,3040629,8522901,4354322,82976,33,693,56361,8630,53415,7405,77682,11780,69327,8768,94004,13205,79579,9471,108808,19185,85049,12338,133626,25273,95887,14715,159290,33412,104377,18118,309383,82003,904377,391843,1,1,1,0.197
paris,CDGVAL,metro,CDGVAL : Terminal 1 → Terminal 2 - Gare,CDGVAL,5,3.01,22.03,0.0,4642728,3040629,8522901,4354322,82976,33,693,0,4177,0,4177,0,7337,0,7337,0,7337,0,7337,0,7491,0,7491,0,10547,0,9195,0,11048,0,9696,1055,21542,35720,87922,0,0,2,0.0
paris,2,tram,LISA,CDGVAL,3,0.91,23.21,0.0,4642728,3040629,8522901,4354322,82976,33,693,0,2704,0,2704,0,2704,0,2704,0,2704,0,2704,0,2704,0,2704,0,3017,0,1665,0,3172,0,1821,992,11959,27808,58653,0,0,0,0.0
paris,T7,tram,Tram T7 : (Athis-Mons) Porte de l'Essonne → Villejuif-Louis Aragon,Tramway d'Île de France,18,9.92,7.78,0.0,4642728,3040629,8522901,4354322,82976,33,693,15053,24367,12885,21821,23350,32384,20063,29016,32814,42837,26210,35609,46103,45224,33974,37002,65792,52918,44673,37897,83101,60638,50982,42308,214785,108015,1109215,445825,4,4,1,0.26
paris,T8,tram,Tram T8 : Saint-Denis - Porte de Paris → Villetaneuse - Université,Tramway d'Île de France,17,7.54,8.15,0.0,4642728,3040629,8522901,4354322,82976,33,693,47896,12769,42597,11592,61516,18806,49815,14917,75537,21389,57616,15274,92683,25313,63988,16407,124997,36669,70289,19834,155635,51480,76530,23350,313511,143019,1348994,528553,3,3,2,0.378
paris,T6,tram,Tram T6 : Châtillon–Montrouge → Viroflay Rive Droite,Tramway d'Île de France,21,13.19,6.37,0.0,4642728,3040629,8522901,4354322,82976,33,693,51247,44865,49539,41701,78569,63704,73569,58911,97467,79096,88651,71047,111777,85273,100072,76029,152208,97009,132118,79997,186416,112565,152057,88773,413268,187383,1577886,846129,2,2,2,0.132
paris,T11,tram,Tram T11 Express : Le Bourget → Épinay-sur-Seine,Tramway d'Île de France,7,10.31,9.71,0.0,4642728,3040629,8522901,4354322,82976,33,693,12812,4236,11465,3824,22467,6805,19301,5403,33413,9965,27218,8088,52586,14322,40942,11704,93069,24233,65803,18456,136399,31796,92115,22396,362735,93035,1298338,474307,2,2,4,0.293
paris,T13,tram,Tram T13 Express : Saint-Germain-en-Laye → Saint-Cyr,Tramway d'Île de France,12,16.66,19.5,0.0,4642728,3040629,8522901,4354322,82976,33,693,9683,2556,9683,2556,17128,6373,17128,6373,28039,8555,28039,8555,36094,12596,36094,12596,55495,17001,55495,17001,72067,23470,72067,23470,125984,48835,484018,208958,0,0,2,0.0
paris,T9,tram,Tram T9 : Orly-Gaston Viens → Porte de Choisy,Tramway d'Île de France,19,9.66,4.24,0.0,4642728,3040629,8522901,4354322,82976,33,693,85840,19275,79458,18514,118235,30749,108359,28450,150345,42972,126295,33185,172749,51234,140515,37100,218818,63664,160980,41364,281377,86401,190656,47866,510530,213326,1751757,1001345,2,1,1,0.128
paris,T10,tram,Tram T10 : La Croix de Berny → Jardin Parisien,Tramway d'Île de France,13,6.49,10.37,0.0,4642728,3040629,8522901,4354322,82976,33,693,23871,12262,23585,11265,33141,15838,31426,14270,42479,19113,39286,14521,54955,24524,49391,19574,72347,35971,59956,24411,87427,42583,66474,27153,219170,74051,826510,412002,1,1,1,0.115
paris,T12,tram,Tram Express T12 : Massy-Palaiseau → Évry-Courcouronnes,Tramway d'Île de France,16,18.36,15.91,0.0,4642728,3040629,8522901,4354322,82976,33,693,16061,15054,16061,15054,27934,21194,27934,21194,53037,30736,53037,30736,71973,45701,71973,45701,118471,62805,118471,62805,158074,76656,158074,76656,339738,135775,765749,276242,0,0,3,0.0
paris,C1,cable,Câble 1 : Villa Nova → Pointe du Lac,Téléphérique d'Île-de-France,5,4.56,12.8,0.0,4642728,3040629,8522901,4354322,82976,33,693,11284,2522,9883,1670,21086,3713,17570,2715,27484,4936,23229,3550,36770,8332,30282,6083,51806,15726,41198,11938,68145,17865,53364,12976,153378,52098,581951,182885,1,1,0,0.344
pau,F,bhns,Bus F: Pau Gare de Pau → Pau Hôpital F. Mitterrand,Idelis,13,5.01,0.41,0.462,172761,91378,252178,109437,17013,0,0,15068,17649,15068,17649,20330,24271,20330,24271,26684,27830,26684,27830,32975,30676,32975,30676,44421,33492,44421,33492,54321,34948,54321,34948,95321,47445,137213,75315,0,0,1,0.0
pau,T1,bhns,Ligne T1 : JURANÇON LP A. Campa → PAU Cité Multimédia,Idelis,34,10.38,0.32,0.324,172761,91378,252178,109437,17013,0,0,30125,19306,30125,19306,39551,22692,39551,22692,45859,25901,45859,25901,51312,35129,51312,35129,60428,38200,60428,38200,69078,42432,69078,42432,101919,61818,143269,77756,0,0,2,0.0
reims,T1,tram,"Tramway T1: Reims, Hôpital Debré => Reims, Neufchâtel",Grand Reims Mobilités,21,8.61,0.21,0.333,236790,120216,288937,132537,28289,2,43,38770,24690,20805,14883,52074,34558,26936,20741,61921,38732,31983,22358,75339,42277,39370,24051,93302,52485,48453,29354,107767,57958,55498,29727,179610,83621,217900,111973,19,19,2,0.938
reims,T2,tram,"Tramway T2: Reims, Neufchâtel => Reims, Gare Champagne TGV",Grand Reims Mobilités,22,9.7,0.22,0.318,236790,120216,288937,132537,28289,2,43,36828,21318,18864,11511,51797,30538,26659,16722,61920,36399,31983,20025,74075,40204,38106,21979,92656,50377,47807,27246,107425,60669,55157,32439,173400,82555,218982,112298,19,19,3,0.961
rennes,a,metro,Métro Rennes Ligne a Direction Rennes (La Poterie),FR:STAR,15,8.14,0.18,0.333,368284,249499,573194,307186,36002,2,30,42113,43010,39218,35406,59931,51511,52840,37811,76515,62797,66063,45478,88277,68493,74021,50042,114617,85694,91298,64763,133287,93065,101197,70292,204850,134217,292440,211997,3,3,2,0.297
rennes,b,metro,Métro Rennes Ligne b Direction Cesson-Sévigné (Viasilva),FR:STAR,15,11.08,0.3,0.4,368284,249499,573194,307186,36002,2,30,30082,34110,27187,26506,50139,52456,43048,38757,69235,62425,58783,45106,82544,71785,68288,53334,108926,78002,85607,57071,131334,89751,99244,66978,207499,145953,297526,215243,3,3,1,0.34
rennes,C3,bhns,Bus STAR Ligne C3 Direction Rennes (Patton),FR:STAR,30,8.63,0.41,0.367,368284,249499,573194,307186,36002,2,30,40268,32267,31149,19026,54000,38348,36583,17777,67405,45859,40172,20462,83272,58981,46669,26124,102877,65672,50782,28354,123650,74645,57057,32157,200738,119421,290166,211929,7,6,1,0.638
rennes,C5,bhns,Bus STAR Ligne C5 Direction Rennes (Lycée Bréquigny),FR:STAR,28,8.32,0.21,0.357,368284,249499,573194,307186,36002,2,30,41018,28563,34976,19299,52361,37337,41127,24015,63681,43001,45397,24610,73770,49096,48343,24956,99286,58817,54696,27982,121197,70590,59082,32005,192386,119966,295329,215899,5,5,0,0.42
rennes,C1,bhns,Bus STAR Ligne C1 Direction Chantepie (Rosa Parks),FR:STAR,43,14.63,0.18,0.302,368284,249499,573194,307186,36002,2,30,43663,37942,37915,25903,59720,50462,48873,30801,72120,58195,54621,34736,85579,66306,61329,38455,105191,83717,66155,47969,127471,95083,73195,54542,229509,160410,313002,218480,5,4,3,0.374
rennes,C6,bhns,Bus STAR Ligne C6 Direction Saint-Jacques-de-la-Lande (Aéroport),FR:STAR,46,15.95,0.17,0.217,368284,249499,573194,307186,36002,2,30,46377,34393,38911,23257,57530,41020,45621,26394,71960,53691,52623,33316,80859,61321,56168,36650,100217,72634,62917,41723,119183,80657,67321,42564,195022,146856,325846,231779,8,7,2,0.411
rennes,C2,bhns,Bus STAR Ligne C2 Direction Rennes (Haut Sancé),FR:STAR,34,10.8,0.41,0.235,368284,249499,573194,307186,36002,2,30,37464,33415,31795,21751,49155,41991,38098,23793,60836,53938,41265,28165,72395,61103,46113,31126,97530,80026,53236,42083,120428,87076,60912,44398,206641,147394,292806,211877,8,7,1,0.467
rennes,C4,bhns,Bus STAR Ligne C4 Direction Rennes (ZA Saint-Sulpice),FR:STAR,34,11.35,0.19,0.235,368284,249499,573194,307186,36002,2,30,39620,47053,35459,36465,53774,59581,43826,43557,68172,68402,50421,46341,76631,81001,53211,52734,95005,99844,56806,56966,112665,112861,59042,58466,202649,158872,298512,215944,5,4,0,0.366
rennes,C7,bhns,Bus STAR Ligne C7 Direction Bruz (Lavoisier),FR:STAR,28,12.73,2.71,0.0,368284,249499,573194,307186,36002,2,30,16470,8813,16293,8412,21536,12259,21248,11148,25039,13158,24430,11988,27736,13969,26723,12680,31816,17337,28644,14852,38175,18649,32008,15866,80195,42033,272638,162826,1,1,1,0.049
rouen,M,tram,"Métro : Boulingrin, Rouen → Technopôle, Saint-Étienne-du-Rouvray",Astuce,31,13.92,0.6,0.194,389512,189410,592225,251504,36792,1,31,60678,36399,60678,36399,86875,47738,86875,47738,105311,55687,105311,55687,125088,68076,125088,68076,149808,83587,149808,83587,169547,96893,169547,96893,217265,125173,347346,175358,0,0,1,0.0
saint-etienne,T3,tram,Ligne T3 : Terrasse > Bellevue,STAS,26,9.98,0.35,0.346,283531,123486,475284,183461,22304,3,62,37202,38116,19830,20942,49996,42974,25889,23669,61856,50698,30866,27518,75947,54692,36807,28970,95600,66724,43525,33524,115858,72233,50946,34418,173188,90933,228712,108273,20,19,7,0.905
saint-etienne,T1,tram,Ligne T1 : Hôpital Nord > Solaure,STAS,25,8.91,0.12,0.36,283531,123486,475284,183461,22304,3,62,48616,37130,27912,20311,62616,41310,34160,22021,75147,44590,39488,21244,88922,47921,44609,22396,102629,54321,48182,24435,112886,62221,49735,26928,170955,84622,230827,107157,22,20,6,0.875
saint-etienne,T2,tram,Ligne T2 : Cité du Design > Châteaucreux Gare,STAS,11,2.92,0.12,1.0,283531,123486,475284,183461,22304,3,62,23930,22788,11195,10321,34484,26016,16175,11762,37940,27053,16846,12017,47418,29800,20710,13042,58227,31451,23469,12423,70658,37249,26687,13731,118896,60437,215148,104492,14,11,3,1.0
strasbourg,A,tram,Tram A : Parc des Sports Zénith → Graffenstaden,Compagnie des Transports Strasbourgeois,27,13.45,0.12,0.222,486268,248227,644182,304204,59586,6,141,49823,52391,27999,22932,70591,65952,37925,26162,87616,76539,46198,29740,102265,87090,50518,31580,128803,107315,57008,34790,159095,117318,64816,36640,285017,169590,471213,237637,27,20,2,0.841
strasbourg,D,tram,Tram D : Poteries → Kehl Rathaus,Compagnie des Transports Strasbourgeois,24,11.71,0.12,0.292,486268,248227,644182,304204,59586,6,141,49966,49706,26448,22400,69657,61447,33974,24420,86014,69701,39389,26267,103014,80060,41796,27912,130560,96073,47536,28207,154351,104166,51629,28510,243057,142986,433118,211194,23,15,2,0.886
strasbourg,B,tram,Tram B : Hoenheim Gare → Lingolsheim Tiergaertel,Compagnie des Transports Strasbourgeois,27,13.24,0.14,0.333,486268,248227,644182,304204,59586,6,141,52771,40378,41939,19876,72543,58687,53353,25859,85868,63891,63435,26207,100370,73852,71970,29803,128537,89896,89143,34294,153841,100150,99742,36544,270009,152518,468757,238249,15,8,1,0.491
strasbourg,C,tram,Tram C : Gare Centrale → Neuhof Rodolphe Reuss,Compagnie des Transports Strasbourgeois,17,7.3,0.14,0.412,486268,248227,644182,304204,59586,6,141,43594,36109,24681,13044,61831,47476,32016,15112,76870,53989,37661,16444,95283,66740,42270,18665,125901,85342,50279,21650,145991,93504,51601,21915,210149,137165,425949,214855,26,12,1,0.771
strasbourg,E,tram,Tram E : Robertsau L'Escale → Campus d'Illkirch,Compagnie des Transports Strasbourgeois,26,12.72,0.74,0.231,486268,248227,644182,304204,59586,6,141,44827,31275,23517,15951,66549,46620,32886,20645,81859,55025,39806,23887,101514,68451,46236,28326,132003,88621,55929,33712,160487,106733,61471,35720,257282,155600,443085,229428,26,20,1,0.888
strasbourg,F,tram,Tram F : Wolfisheim Henri Rendu → Place d'Islande,Compagnie des Transports Strasbourgeois,20,8.44,0.14,0.4,486268,248227,644182,304204,59586,6,141,37829,36012,25298,14859,57510,52734,34314,19773,71584,59507,40517,21499,88240,71636,45639,24264,111540,86385,46970,24608,127398,95649,44643,24229,226933,140929,424506,206630,19,9,0,0.659
strasbourg,G,bhns,BHNS G : Rotterdam → Espace Européen de l' Entreprise,Compagnie des Transports Strasbourgeois,24,9.94,0.75,0.417,486268,248227,644182,304204,59586,6,141,30058,36545,18789,23017,44347,48085,24774,25760,55587,57176,27420,27579,72008,73709,29638,30130,103649,96256,36098,33674,131083,106654,42511,34589,244599,153267,444107,215454,9,5,1,0.658
toulouse,B,metro,Métro Ligne B: Direction Ramonville,Tisséo,20,13.48,0.39,0.35,741943,449392,1112895,553632,50042,3,63,54536,44307,50272,36366,89701,62931,81155,50203,116056,82587,102352,60918,137200,90201,119218,65281,173487,111729,144449,76341,205718,127901,161014,85621,358932,179531,610211,351210,3,3,1,0.228
toulouse,A,metro,Métro A: Balma-Gramont - Basso Cambo,Tisséo,18,11.11,0.1,0.278,741943,449392,1112895,553632,50042,3,63,45377,44835,40994,36504,70248,60552,61390,48173,97204,77889,79782,57595,115291,95830,91133,69767,148138,113193,109382,77213,187309,130522,131790,87204,330074,197869,596218,343717,2,2,1,0.284
toulouse,T1,tram,Tram T1: Arènes → MEETT,Tisséo,25,13.25,1.3,0.12,741943,449392,1112895,553632,50042,3,63,39512,14891,36670,11856,56409,36002,50659,31655,72102,44984,60848,36963,82521,50670,66686,39529,106728,65076,80088,49471,130515,82128,89614,62041,250674,161288,598237,356234,2,2,0,0.21
toulouse,téléo,cable,Téléo: Université Paul Sabatier → Oncopole - Lise Enjalbert,Tisséo,3,3.01,5.18,0.0,741943,449392,1112895,553632,50042,3,63,507,6641,486,6640,1071,8123,1050,7792,1313,9119,1179,8767,2061,11074,1855,10647,4729,14871,3488,12186,9158,16173,5366,13184,39836,41880,307205,202478,1,1,0,0.068
toulouse,L6,bhns,Bus L6: Ramonville → Castanet-Tolosan,Tisséo,17,6.97,6.04,0.0,741943,449392,1112895,553632,50042,3,63,11382,3448,11059,3298,17321,5856,16983,5703,21550,7336,20871,7081,25252,9634,24426,8861,31489,11636,29849,9755,33941,17551,31518,12980,48848,47666,202484,112030,1,1,0,0.04
toulouse,L14,bhns,Bus L14: Marengo - SNCF → Basso Cambo,Tisséo,33,11.08,0.42,0.394,741943,449392,1112895,553632,50042,3,63,55492,48160,40603,28795,77903,61591,50398,33699,99600,80154,58274,42460,117472,97779,64334,46623,153240,120101,75521,56217,184354,129823,83901,54061,315055,185560,576317,342464,15,13,2,0.681
toulouse,L4,bhns,Bus L4: Basso Cambo → Cours Dillon,Tisséo,31,9.87,0.46,0.194,741943,449392,1112895,553632,50042,3,63,44048,32284,33951,24633,59480,42536,40526,28200,70139,60584,42285,34729,80873,69798,45666,36246,111452,92926,55050,45086,141360,108085,61972,46534,276795,188989,555190,332980,11,9,3,0.586
toulouse,L9,bhns,Bus L9: L'Union Grande Halle → Saint-Orens Centre Commercial,Tisséo,44,14.72,0.42,0.205,741943,449392,1112895,553632,50042,3,63,57937,28195,53291,19818,83510,44560,71650,26595,104962,58404,84279,32746,124444,68505,95569,38235,164897,87348,112181,44571,199812,101660,121927,50019,334824,172663,602630,303600,4,3,0,0.313
toulouse,L7,bhns,Bus L7: Université Paul Sabatier => Saint-Orens Piscine,Tisséo,35,11.7,4.27,0.0,741943,449392,1112895,553632,50042,3,63,9660,12234,8989,11349,13077,13213,12181,12215,17386,18253,15859,17128,20570,19579,18449,18397,28555,28598,23918,23051,37286,34009,28464,25417,97313,71294,361427,208442,4,3,0,0.136
toulouse,L1,bhns,Bus L1: Gymnase de l'Hers → Sept Deniers - Salvador Dali,Tisséo,40,12.94,0.39,0.325,741943,449392,1112895,553632,50042,3,63,53788,40162,46122,26048,66646,45390,54056,26462,86910,59223,67697,31218,97257,69427,71951,35351,128750,82284,82797,38471,157059,94433,91377,42542,303838,154932,574636,348475,7,6,0,0.404
toulouse,L8,bhns,Bus L8: Gonin → Marengo - SNCF,Tisséo,23,6.55,0.44,0.348,741943,449392,1112895,553632,50042,3,63,36703,28367,31318,18978,50498,40201,40142,21650,61956,48224,47023,25009,75090,57843,54790,29274,98015,69641,65468,33025,118484,81679,70346,36934,231459,134088,497496,267550,7,6,2,0.446
toulouse,L12,bhns,Bus L12: Borderouge => Rangueil,Tisséo,37,12.81,2.17,0.0,741943,449392,1112895,553632,50042,3,63,45983,11785,43169,10702,57763,16443,51836,14363,74037,21194,64259,18114,88156,23472,73456,19505,114809,32452,89895,25998,144778,39039,102466,27748,288918,125434,565342,295847,3,3,1,0.209
toulouse,L2,bhns,Bus L2: Colomiers Lycée International → Arènes,Tisséo,37,12.39,2.38,0.0,741943,449392,1112895,553632,50042,3,63,27086,33216,23742,30637,39006,38528,31804,30851,47649,46353,37201,37608,56074,53260,42116,43482,71893,61392,51014,50009,88281,69795,59780,54596,177930,114675,528166,329439,4,3,4,0.344
toulouse,L5,bhns,Bus L5: Portet Gare SNCF → Empalot,Tisséo,36,11.95,2.32,0.0,741943,449392,1112895,553632,50042,3,63,18181,16787,15536,14982,24200,18865,17998,16488,29612,27415,20970,21055,35967,31907,23531,23620,50268,39749,30240,26448,66411,43624,34557,27590,174136,96921,511526,285923,4,4,1,0.463
toulouse,L3,bhns,Bus L3: Plaisance Monestié → Arènes,Tisséo,28,11.36,2.37,0.0,741943,449392,1112895,553632,50042,3,63,20046,11933,17584,9530,30727,13569,25229,10656,39599,15534,31592,11870,48839,18454,37717,14086,63108,22387,46711,17163,80764,29865,58143,20800,174142,94245,539764,323181,4,3,0,0.32
toulouse,L10,bhns,Bus L10: Fenouillet Centre Commercial - Entrée Nord → La Vache,Tisséo,26,9.21,3.33,0.0,741943,449392,1112895,553632,50042,3,63,17603,6466,16305,6192,25641,7226,23815,6920,32223,8845,29302,8186,37091,10170,33250,9293,50479,13593,43512,11424,59594,18210,49261,14710,121571,42203,422700,221976,1,1,0,0.138
toulouse,L11,bhns,Bus L11: Frouzins Complexe Sportif → Basso Cambo,Tisséo,28,10.72,5.64,0.0,741943,449392,1112895,553632,50042,3,63,15160,16542,15160,15863,22813,18576,22433,16862,28784,21735,27976,17859,33958,22019,32542,14986,43769,30531,40739,21118,57069,37314,50039,24691,113454,57542,316378,191759,1,1,0,0.063
tours,A,tram,Tram A : Jean Monnet → Vaucanson,Fil Bleu,29,13.51,0.22,0.241,303578,159622,411673,185841,25765,1,29,45162,30685,45162,30685,62931,45976,62931,45976,75419,50283,75419,50283,90398,55083,90398,55083,110501,61995,110501,61995,130731,68890,130731,68890,196901,110813,274221,151016,0,0,2,0.0
valenciennes,T2,tram,T2 : Vieux-Condé – Le Boulon → Famars – Université,Transvilles,35,19.78,0.14,0.229,214597,84150,436592,137876,15882,2,63,26398,15191,20018,10194,39813,20770,30471,13422,48466,24309,37031,15231,57091,26815,43000,17117,71663,30636,52726,19171,84051,33132,60834,20339,129550,47786,203959,74342,15,15,2,0.502
valenciennes,T1,tram,T1 : Famars – Université → Denain – Espace Villars,Transvilles,28,17.13,0.17,0.286,214597,84150,436592,137876,15882,2,63,24011,15314,17630,10318,34409,23356,25068,16008,42070,26992,30635,17914,51935,30178,37845,20480,68509,37711,49572,26247,82739,40809,59522,28016,127958,53192,219087,81456,15,15,1,0.558
valenciennes,T1+T2,tram,T2 : Vieux-Condé – Le Boulon → Famars – Université et T1 : Famars – Université → Denain – Espace Villars,Transvilles,48,31.04,0.14,0.167,214597,84150,436592,137876,15882,2,63,35873,19754,35873,19754,55064,28039,55064,28039,67007,33110,67007,33110,80821,37215,80821,37215,101878,45392,101878,45392,120229,48340,120229,48340,172863,62427,271802,89161,0,0,2,0.0
